Row	PeptideID	ISD	TangoNumAPRs	TangoAAsInAPRs	fitness	TangoBinary	ISD.Scrambled	TangoNumAPRs.Scrambled	TangoAAsInAPRs.Scrambled	TangoBinary.Scrambled	ISD.delta	Tango.delta	Tango.delta.binary
1	PEPNR00000000002	0.4795	0	0	1	0	0.4706	0	0	0	0.0089	0	1
2	PEPNR00000000003	0.4126	2	10	1	1	0.4303	1	7	1	-0.0177	0	1
3	PEPNR00000000004	0.1813	2	12	1	1	0.1947	0	0	0	-0.0134	1	1
4	PEPNR00000000005	0.1464	1	5	1	1	0.1169	0	0	0	0.0295	1	1
5	PEPNR00000000006	0.1674	2	13	1	1	0.1574	0	0	0	0.01	1	1
6	PEPNR00000000007	0.2869	1	9	1	1	0.3062	1	5	1	-0.0193	0	1
7	PEPNR00000000008	0.4452	1	5	1	1	0.4375	0	0	0	0.0077	1	1
8	PEPNR00000000009	0.1586	1	5	1	1	0.1695	1	5	1	-0.0109	0	1
9	PEPNR00000000010	0.1423	2	13	1	1	0.1736	1	8	1	-0.0313	0	1
10	PEPNR00000000011	0.2151	1	8	1	1	0.2381	1	7	1	-0.023	0	1
11	PEPNR00000000012	0.272	0	0	1	0	0.2695	0	0	0	0.0025	0	1
12	PEPNR00000000013	0.1446	1	17	1	1	0.1573	3	22	1	-0.0127	0	1
13	PEPNR00000000014	0.2495	1	5	1	1	0.2716	1	9	1	-0.0221	0	1
14	PEPNR00000000015	0.2178	2	15	1	1	0.2049	1	15	1	0.0129	0	1
15	PEPNR00000000016	0.2148	0	0	1	0	0.2091	1	6	1	0.0057	-1	0
16	PEPNR00000000017	0.2336	1	6	1	1	0.2533	1	7	1	-0.0197	0	1
17	PEPNR00000000018	0.0844	2	13	1	1	0.0664	0	0	0	0.018	1	1
18	PEPNR00000000019	0.1526	1	16	1	1	0.1757	0	0	0	-0.0231	1	1
19	PEPNR00000000020	0.2106	1	7	1	1	0.2047	1	7	1	0.0059	0	1
20	PEPNR00000000021	0.2042	3	17	1	1	0.2098	0	0	0	-0.0056	1	1
21	PEPNR00000000022	0.5404	0	0	1	0	0.5596	0	0	0	-0.0192	0	1
22	PEPNR00000000023	0.3445	1	6	1	1	0.3637	0	0	0	-0.0192	1	1
23	PEPNR00000000024	0.2335	1	5	1	1	0.23	1	5	1	0.0035	0	1
24	PEPNR00000000025	0.1162	2	23	1	1	0.1172	1	12	1	-0.001	0	1
25	PEPNR00000000026	0.0665	1	7	1	1	0.0769	1	10	1	-0.0104	0	1
26	PEPNR00000000027	0.2488	0	0	1	0	0.2493	0	0	0	-5.00E-04	0	1
27	PEPNR00000000028	0.151	1	5	1	1	0.1463	2	12	1	0.0047	0	1
28	PEPNR00000000029	0.1336	0	0	1	0	0.1338	1	5	1	-0.0002	-1	0
29	PEPNR00000000030	0.2995	1	6	0	1	0.2871	0	0	0	0.0124	1	1
30	PEPNR00000000031	0.3856	0	0	1	0	0.3824	0	0	0	0.0032	0	1
31	PEPNR00000000032	0.071	2	14	1	1	0.0518	2	15	1	0.0192	0	1
32	PEPNR00000000033	0.1389	2	21	1	1	0.1689	2	20	1	-0.03	0	1
33	PEPNR00000000034	0.2475	0	0	1	0	0.2716	1	10	1	-0.0241	-1	0
34	PEPNR00000000035	0.23	2	22	1	1	0.2461	0	0	0	-0.0161	1	1
35	PEPNR00000000036	0.1505	2	21	1	1	0.1742	1	8	1	-0.0237	0	1
36	PEPNR00000000037	0.2378	1	12	1	1	0.2407	1	5	1	-0.0029	0	1
37	PEPNR00000000038	0.3865	1	6	1	1	0.3668	1	6	1	0.0197	0	1
38	PEPNR00000000039	0.2951	1	6	1	1	0.2941	0	0	0	0.001	1	1
39	PEPNR00000000040	0.1862	0	0	1	0	0.208	0	0	0	-0.0218	0	1
40	PEPNR00000000041	0.2609	0	0	1	0	0.2711	1	6	1	-0.0102	-1	0
41	PEPNR00000000042	0.0723	1	5	1	1	0.0779	1	5	1	-0.0056	0	1
42	PEPNR00000000043	0.4137	0	0	1	0	0.4417	0	0	0	-0.028	0	1
43	PEPNR00000000044	0.2885	1	5	1	1	0.2863	0	0	0	0.0022	1	1
44	PEPNR00000000045	0.2614	1	10	0	1	0.2775	1	5	1	-0.0161	0	1
45	PEPNR00000000046	0.3002	1	5	1	1	0.298	0	0	0	0.0022	1	1
46	PEPNR00000000047	0.2369	1	6	1	1	0.2287	2	12	1	0.0082	0	1
47	PEPNR00000000048	0.0851	3	24	1	1	0.1006	1	6	1	-0.0155	0	1
48	PEPNR00000000049	0.1514	1	15	1	1	0.177	0	0	0	-0.0256	1	1
49	PEPNR00000000050	0.2382	1	6	0	1	0.2457	1	5	1	-0.0075	0	1
50	PEPNR00000000051	0.4525	0	0	0	0	0.4364	0	0	0	0.0161	0	1
51	PEPNR00000000052	0.4039	2	12	1	1	0.4021	0	0	0	0.0018	1	1
52	PEPNR00000000053	0.1643	1	6	0	1	0.1484	2	12	1	0.0159	0	1
53	PEPNR00000000054	0.1139	1	9	1	1	0.1017	1	7	1	0.0122	0	1
54	PEPNR00000000055	0.3279	0	0	1	0	0.3341	1	7	1	-0.0062	-1	0
55	PEPNR00000000056	0.2307	2	15	1	1	0.2284	1	9	1	0.0023	0	1
56	PEPNR00000000057	0.4306	0	0	0	0	0.4248	0	0	0	0.0058	0	1
57	PEPNR00000000058	0.0753	3	22	1	1	0.0763	2	11	1	-0.001	0	1
58	PEPNR00000000059	0.1362	2	16	0	1	0.1515	2	11	1	-0.0153	0	1
59	PEPNR00000000060	0.3715	0	0	0	0	0.3913	0	0	0	-0.0198	0	1
60	PEPNR00000000061	0.1567	2	24	0	1	0.1537	1	9	1	0.003	0	1
61	PEPNR00000000062	0.469	0	0	1	0	0.4672	1	5	1	0.0018	-1	0
62	PEPNR00000000063	0.0593	1	7	1	1	0.0854	2	11	1	-0.0261	0	1
63	PEPNR00000000064	0.2313	2	11	1	1	0.2311	0	0	0	0.0002	1	1
64	PEPNR00000000065	0.0817	1	10	0	1	0.0936	0	0	0	-0.0119	1	1
65	PEPNR00000000066	0.2027	1	5	1	1	0.2283	1	7	1	-0.0256	0	1
66	PEPNR00000000067	0.2022	0	0	1	0	0.2302	1	5	1	-0.028	-1	0
67	PEPNR00000000068	0.2988	0	0	1	0	0.3079	0	0	0	-0.0091	0	1
68	PEPNR00000000069	0.1152	1	12	1	1	0.1283	0	0	0	-0.0131	1	1
69	PEPNR00000000070	0.4679	0	0	0	0	0.4737	0	0	0	-0.0058	0	1
70	PEPNR00000000071	0.0808	2	12	1	1	0.0787	2	10	1	0.0021	0	1
71	PEPNR00000000072	0.1554	1	5	1	1	0.1647	2	12	1	-0.0093	0	1
72	PEPNR00000000073	0.2554	1	8	1	1	0.262	0	0	0	-0.0066	1	1
73	PEPNR00000000074	0.1192	2	11	1	1	0.1455	1	15	1	-0.0263	0	1
74	PEPNR00000000075	0.0432	3	28	1	1	0.0486	3	19	1	-0.0054	0	1
75	PEPNR00000000076	0.3004	0	0	0	0	0.2867	0	0	0	0.0137	0	1
76	PEPNR00000000077	0.1409	2	15	0	1	0.1483	2	10	1	-0.0074	0	1
77	PEPNR00000000078	0.2272	1	13	0	1	0.2142	0	0	0	0.013	1	1
78	PEPNR00000000079	0.1944	2	14	1	1	0.2046	2	10	1	-0.0102	0	1
79	PEPNR00000000080	0.3642	1	5	1	1	0.4441	1	14	1	-0.0799	0	1
80	PEPNR00000000081	0.1223	2	23	1	1	0.0995	2	13	1	0.0228	0	1
81	PEPNR00000000082	0.6453	0	0	1	0	0.6665	0	0	0	-0.0212	0	1
82	PEPNR00000000083	0.0685	1	11	1	1	0.0908	1	13	1	-0.0223	0	1
83	PEPNR00000000084	0.1544	1	9	1	1	0.1069	1	5	1	0.0475	0	1
84	PEPNR00000000085	0.3184	1	7	0	1	0.3353	0	0	0	-0.0169	1	1
85	PEPNR00000000086	0.1533	1	8	1	1	0.1606	0	0	0	-0.0073	1	1
86	PEPNR00000000087	0.3411	0	0	0	0	0.3729	0	0	0	-0.0318	0	1
87	PEPNR00000000088	0.0684	3	24	1	1	0.0543	1	8	1	0.0141	0	1
88	PEPNR00000000089	0.1958	1	7	1	1	0.2225	0	0	0	-0.0267	1	1
89	PEPNR00000000090	0.3427	0	0	1	0	0.3561	0	0	0	-0.0134	0	1
90	PEPNR00000000091	0.16	2	20	1	1	0.1915	2	23	1	-0.0315	0	1
91	PEPNR00000000092	0.0756	2	20	0	1	0.0799	1	11	1	-0.0043	0	1
92	PEPNR00000000093	0.1385	1	23	1	1	0.1163	1	7	1	0.0222	0	1
93	PEPNR00000000094	0.1066	2	12	1	1	0.1008	2	13	1	0.0058	0	1
94	PEPNR00000000095	0.1867	0	0	1	0	0.242	1	10	1	-0.0553	-1	0
95	PEPNR00000000096	0.1576	0	0	0	0	0.1713	1	6	1	-0.0137	-1	0
96	PEPNR00000000097	0.1074	1	6	1	1	0.1184	1	7	1	-0.011	0	1
97	PEPNR00000000098	0.1256	2	19	1	1	0.125	1	6	1	0.0006	0	1
98	PEPNR00000000099	0.5686	0	0	0	0	0.5675	0	0	0	0.0011	0	1
99	PEPNR00000000100	0.4314	1	8	1	1	0.4555	1	6	1	-0.0241	0	1
100	PEPNR00000000101	0.0358	1	8	0	1	0.0356	2	14	1	0.0002	0	1
101	PEPNR00000000102	0.1187	2	18	1	1	0.1281	2	20	1	-0.0094	0	1
102	PEPNR00000000103	0.3834	1	10	0	1	0.3913	0	0	0	-0.0079	1	1
103	PEPNR00000000104	0.4361	1	9	1	1	0.4586	0	0	0	-0.0225	1	1
104	PEPNR00000000105	0.308	0	0	1	0	0.2936	1	9	1	0.0144	-1	0
105	PEPNR00000000106	0.0654	2	21	0	1	0.0925	2	18	1	-0.0271	0	1
106	PEPNR00000000107	0.1107	3	22	1	1	0.1187	1	10	1	-0.008	0	1
107	PEPNR00000000108	0.0307	3	35	1	1	0.0221	1	7	1	0.0086	0	1
108	PEPNR00000000109	0.5402	0	0	1	0	0.5741	1	7	1	-0.0339	-1	0
109	PEPNR00000000110	0.2359	1	7	1	1	0.2186	0	0	0	0.0173	1	1
110	PEPNR00000000111	0.4237	1	5	0	1	0.4587	0	0	0	-0.035	1	1
111	PEPNR00000000112	0.1074	1	7	1	1	0.1201	1	10	1	-0.0127	0	1
112	PEPNR00000000113	0.1475	1	7	0	1	0.1661	1	12	1	-0.0186	0	1
113	PEPNR00000000114	0.2481	1	6	1	1	0.2639	1	6	1	-0.0158	0	1
114	PEPNR00000000115	0.1962	0	0	1	0	0.2237	1	18	1	-0.0275	-1	0
115	PEPNR00000000116	0.3144	0	0	1	0	0.3169	1	6	1	-0.0025	-1	0
116	PEPNR00000000117	0.2696	0	0	1	0	0.2865	0	0	0	-0.0169	0	1
117	PEPNR00000000118	0.1966	2	15	0	1	0.1799	2	12	1	0.0167	0	1
118	PEPNR00000000119	0.2138	2	17	0	1	0.2266	1	5	1	-0.0128	0	1
119	PEPNR00000000120	0.2134	0	0	1	0	0.2306	1	7	1	-0.0172	-1	0
120	PEPNR00000000121	0.2463	0	0	0	0	0.2625	1	9	1	-0.0162	-1	0
121	PEPNR00000000122	0.3675	1	6	1	1	0.3632	1	10	1	0.0043	0	1
122	PEPNR00000000123	0.2391	2	14	0	1	0.256	1	9	1	-0.0169	0	1
123	PEPNR00000000124	0.0307	2	14	0	1	0.0241	1	9	1	0.0066	0	1
124	PEPNR00000000125	0.1425	1	13	1	1	0.1351	3	21	1	0.0074	0	1
125	PEPNR00000000126	0.2357	1	12	1	1	0.2515	2	16	1	-0.0158	0	1
126	PEPNR00000000127	0.0822	3	26	1	1	0.0895	1	10	1	-0.0073	0	1
127	PEPNR00000000128	0.065	2	17	1	1	0.0615	1	11	1	0.0035	0	1
128	PEPNR00000000129	0.2671	1	7	1	1	0.2325	0	0	0	0.0346	1	1
129	PEPNR00000000130	0.4451	0	0	0	0	0.4441	1	5	1	0.001	-1	0
130	PEPNR00000000131	0.0876	2	19	1	1	0.0625	1	7	1	0.0251	0	1
131	PEPNR00000000132	0.1176	0	0	1	0	0.1519	1	5	1	-0.0343	-1	0
132	PEPNR00000000133	0.1909	0	0	1	0	0.2167	1	7	1	-0.0258	-1	0
133	PEPNR00000000134	0.3879	1	10	0	1	0.4076	1	7	1	-0.0197	0	1
134	PEPNR00000000135	0.0625	1	6	0	1	0.0729	2	21	1	-0.0104	0	1
135	PEPNR00000000136	0.2449	1	14	1	1	0.2547	1	13	1	-0.0098	0	1
136	PEPNR00000000137	0.3921	1	6	0	1	0.3759	0	0	0	0.0162	1	1
137	PEPNR00000000138	0.0845	2	16	0	1	0.0688	2	17	1	0.0157	0	1
138	PEPNR00000000139	0.1885	2	22	0	1	0.1759	2	25	1	0.0126	0	1
139	PEPNR00000000140	0.0617	0	0	1	0	0.058	0	0	0	0.0037	0	1
140	PEPNR00000000141	0.1809	1	7	0	1	0.2109	1	5	1	-0.03	0	1
141	PEPNR00000000142	0.199	0	0	0	0	0.2285	0	0	0	-0.0295	0	1
142	PEPNR00000000143	0.229	2	10	0	1	0.2735	1	5	1	-0.0445	0	1
143	PEPNR00000000144	0.4634	0	0	1	0	0.4851	0	0	0	-0.0217	0	1
144	PEPNR00000000145	0.2631	1	5	1	1	0.271	0	0	0	-0.0079	1	1
145	PEPNR00000000146	0.1306	1	8	0	1	0.1737	1	10	1	-0.0431	0	1
146	PEPNR00000000147	0.3141	1	7	0	1	0.3536	1	5	1	-0.0395	0	1
147	PEPNR00000000148	0.2739	0	0	0	0	0.2911	1	8	1	-0.0172	-1	0
148	PEPNR00000000149	0.224	0	0	0	0	0.2333	0	0	0	-0.0093	0	1
149	PEPNR00000000150	0.0161	2	20	0	1	0.0162	1	18	1	-1.00E-04	0	1
150	PEPNR00000000151	0.4214	0	0	1	0	0.4294	1	10	1	-0.008	-1	0
151	PEPNR00000000152	0.3161	2	17	0	1	0.3414	2	13	1	-0.0253	0	1
152	PEPNR00000000153	0.071	1	7	0	1	0.0479	0	0	0	0.0231	1	1
153	PEPNR00000000154	0.3265	1	10	1	1	0.3315	0	0	0	-0.005	1	1
154	PEPNR00000000155	0.4277	1	6	1	1	0.3915	0	0	0	0.0362	1	1
155	PEPNR00000000156	0.3145	0	0	0	0	0.3218	1	7	1	-0.0073	-1	0
156	PEPNR00000000157	0.1192	2	15	1	1	0.0962	2	12	1	0.023	0	1
157	PEPNR00000000158	0.271	1	16	0	1	0.2846	0	0	0	-0.0136	1	1
158	PEPNR00000000159	0.1507	0	0	0	0	0.1925	2	15	1	-0.0418	-1	0
159	PEPNR00000000160	0.3452	0	0	1	0	0.3515	1	6	1	-0.0063	-1	0
160	PEPNR00000000161	0.2501	0	0	0	0	0.2826	1	5	1	-0.0325	-1	0
161	PEPNR00000000162	0.126	1	13	0	1	0.1382	1	14	1	-0.0122	0	1
162	PEPNR00000000163	0.2763	0	0	0	0	0.2431	0	0	0	0.0332	0	1
163	PEPNR00000000164	0.2086	1	10	0	1	0.2085	0	0	0	0.0001	1	1
164	PEPNR00000000165	0.307	2	12	0	1	0.3097	1	9	1	-0.0027	0	1
165	PEPNR00000000166	0.1378	1	5	1	1	0.1607	0	0	0	-0.0229	1	1
166	PEPNR00000000167	0.2891	0	0	1	0	0.2976	1	7	1	-0.0085	-1	0
167	PEPNR00000000168	0.441	2	16	1	1	0.4461	1	6	1	-0.0051	0	1
168	PEPNR00000000169	0.3074	1	8	0	1	0.2947	0	0	0	0.0127	1	1
169	PEPNR00000000170	0.0352	2	12	1	1	0.0325	2	12	1	0.0027	0	1
170	PEPNR00000000171	0.1372	1	6	1	1	0.156	1	14	1	-0.0188	0	1
171	PEPNR00000000172	0.13	3	22	0	1	0.124	0	0	0	0.006	1	1
172	PEPNR00000000173	0.263	2	10	0	1	0.2874	2	17	1	-0.0244	0	1
173	PEPNR00000000174	0.0243	2	29	1	1	0.0234	3	18	1	0.0009	0	1
174	PEPNR00000000175	0.1915	1	14	1	1	0.2051	1	8	1	-0.0136	0	1
175	PEPNR00000000176	0.3354	0	0	0	0	0.3647	0	0	0	-0.0293	0	1
176	PEPNR00000000177	0.1612	1	9	1	1	0.1512	0	0	0	0.01	1	1
177	PEPNR00000000178	0.1172	1	7	0	1	0.1307	1	8	1	-0.0135	0	1
178	PEPNR00000000179	0.1118	2	14	1	1	0.139	1	9	1	-0.0272	0	1
179	PEPNR00000000180	0.224	1	5	0	1	0.2322	1	6	1	-0.0082	0	1
180	PEPNR00000000181	0.2017	0	0	0	0	0.1987	0	0	0	0.003	0	1
181	PEPNR00000000182	0.3461	1	5	0	1	0.3429	1	5	1	0.0032	0	1
182	PEPNR00000000183	0.1293	2	21	1	1	0.1432	2	13	1	-0.0139	0	1
183	PEPNR00000000184	0.518	1	5	0	1	0.4938	0	0	0	0.0242	1	1
184	PEPNR00000000185	0.1892	2	13	1	1	0.179	4	24	1	0.0102	0	1
185	PEPNR00000000186	0.2493	1	9	1	1	0.2584	3	16	1	-0.0091	0	1
186	PEPNR00000000187	0.38	0	0	1	0	0.363	0	0	0	0.017	0	1
187	PEPNR00000000188	0.1009	2	13	1	1	0.1273	2	17	1	-0.0264	0	1
188	PEPNR00000000189	0.1184	2	13	0	1	0.1634	1	17	1	-0.045	0	1
189	PEPNR00000000190	0.2357	0	0	0	0	0.2776	1	6	1	-0.0419	-1	0
190	PEPNR00000000191	0.0779	1	15	0	1	0.0717	2	23	1	0.0062	0	1
191	PEPNR00000000192	0.2868	1	8	1	1	0.2928	0	0	0	-0.006	1	1
192	PEPNR00000000193	0.0663	2	22	0	1	0.0541	1	10	1	0.0122	0	1
193	PEPNR00000000194	0.1202	2	22	0	1	0.1279	2	16	1	-0.0077	0	1
194	PEPNR00000000195	0.1939	1	9	1	1	0.2213	1	5	1	-0.0274	0	1
195	PEPNR00000000196	0.4429	1	9	0	1	0.4536	0	0	0	-0.0107	1	1
196	PEPNR00000000197	0.1882	1	5	1	1	0.2419	1	8	1	-0.0537	0	1
197	PEPNR00000000198	0.0961	1	7	0	1	0.1072	1	6	1	-0.0111	0	1
198	PEPNR00000000199	0.1197	2	15	0	1	0.1072	2	21	1	0.0125	0	1
199	PEPNR00000000200	0.2632	1	9	0	1	0.2558	0	0	0	0.0074	1	1
200	PEPNR00000000201	0.0496	1	5	1	1	0.0671	2	12	1	-0.0175	0	1
201	PEPNR00000000202	0.329	1	9	1	1	0.3283	1	7	1	0.0007	0	1
202	PEPNR00000000203	0.1042	1	10	1	1	0.0922	0	0	0	0.012	1	1
203	PEPNR00000000204	0.208	2	15	0	1	0.1947	2	13	1	0.0133	0	1
204	PEPNR00000000205	0.1345	1	8	0	1	0.1611	1	11	1	-0.0266	0	1
205	PEPNR00000000206	0.3147	1	5	0	1	0.3378	0	0	0	-0.0231	1	1
206	PEPNR00000000207	0.1095	1	13	0	1	0.1089	2	10	1	0.0006	0	1
207	PEPNR00000000208	0.1141	2	20	0	1	0.1076	1	5	1	0.0065	0	1
208	PEPNR00000000209	0.3303	0	0	0	0	0.3233	0	0	0	0.007	0	1
209	PEPNR00000000210	0.3239	1	9	0	1	0.3675	1	8	1	-0.0436	0	1
210	PEPNR00000000211	0.3448	0	0	0	0	0.349	0	0	0	-0.0042	0	1
211	PEPNR00000000212	0.4561	0	0	1	0	0.4624	0	0	0	-0.0063	0	1
212	PEPNR00000000213	0.0593	1	7	1	1	0.0452	1	5	1	0.0141	0	1
213	PEPNR00000000214	0.2988	1	7	0	1	0.3255	2	21	1	-0.0267	0	1
214	PEPNR00000000215	0.0744	3	17	1	1	0.1017	3	22	1	-0.0273	0	1
215	PEPNR00000000216	0.0496	3	23	1	1	0.0511	1	20	1	-0.0015	0	1
216	PEPNR00000000217	0.3077	0	0	0	0	0.3222	0	0	0	-0.0145	0	1
217	PEPNR00000000218	0.0926	2	14	1	1	0.1023	2	18	1	-0.0097	0	1
218	PEPNR00000000219	0.2185	1	5	1	1	0.2112	1	5	1	0.0073	0	1
219	PEPNR00000000220	0.0744	1	6	1	1	0.081	1	5	1	-0.0066	0	1
220	PEPNR00000000221	0.0782	3	23	1	1	0.0856	0	0	0	-0.0074	1	1
221	PEPNR00000000222	0.1601	1	7	0	1	0.1618	1	5	1	-0.0017	0	1
222	PEPNR00000000223	0.3581	1	8	1	1	0.3519	2	10	1	0.0062	0	1
223	PEPNR00000000224	0.3964	0	0	1	0	0.4068	0	0	0	-0.0104	0	1
224	PEPNR00000000225	0.2067	1	5	0	1	0.2046	2	14	1	0.0021	0	1
225	PEPNR00000000226	0.0589	1	21	0	1	0.0449	2	17	1	0.014	0	1
226	PEPNR00000000227	0.2446	1	5	0	1	0.2327	1	7	1	0.0119	0	1
227	PEPNR00000000228	0.1309	2	12	0	1	0.124	0	0	0	0.0069	1	1
228	PEPNR00000000229	0.3881	1	6	0	1	0.4014	1	5	1	-0.0133	0	1
229	PEPNR00000000230	0.1415	1	7	0	1	0.1591	2	14	1	-0.0176	0	1
230	PEPNR00000000231	0.478	1	7	0	1	0.4837	0	0	0	-0.0057	1	1
231	PEPNR00000000232	0.1313	1	5	1	1	0.1466	1	5	1	-0.0153	0	1
232	PEPNR00000000233	0.2729	0	0	0	0	0.3134	1	8	1	-0.0405	-1	0
233	PEPNR00000000234	0.408	0	0	1	0	0.4214	1	10	1	-0.0134	-1	0
234	PEPNR00000000235	0.2204	1	5	0	1	0.235	1	8	1	-0.0146	0	1
235	PEPNR00000000236	0.0487	0	0	0	0	0.0586	2	15	1	-0.0099	-1	0
236	PEPNR00000000237	0.0611	2	18	1	1	0.0654	1	7	1	-0.0043	0	1
237	PEPNR00000000238	0.1797	3	25	0	1	0.1628	0	0	0	0.0169	1	1
238	PEPNR00000000239	0.1667	2	23	0	1	0.1542	2	10	1	0.0125	0	1
239	PEPNR00000000240	0.4352	1	11	1	1	0.4677	0	0	0	-0.0325	1	1
240	PEPNR00000000241	0.2449	2	14	0	1	0.2918	2	17	1	-0.0469	0	1
241	PEPNR00000000242	0.1885	1	14	0	1	0.1579	0	0	0	0.0306	1	1
242	PEPNR00000000243	0.4695	1	11	0	1	0.4583	1	5	1	0.0112	0	1
243	PEPNR00000000244	0.1123	2	13	0	1	0.06	2	15	1	0.0523	0	1
244	PEPNR00000000245	0.1316	1	12	1	1	0.1374	1	9	1	-0.0058	0	1
245	PEPNR00000000246	0.4359	1	6	0	1	0.4399	0	0	0	-0.004	1	1
246	PEPNR00000000247	0.241	1	5	0	1	0.248	0	0	0	-0.007	1	1
247	PEPNR00000000248	0.1802	2	12	0	1	0.1553	2	17	1	0.0249	0	1
248	PEPNR00000000249	0.0457	2	22	0	1	0.043	1	5	1	0.0027	0	1
249	PEPNR00000000250	0.2621	3	18	0	1	0.2809	0	0	0	-0.0188	1	1
250	PEPNR00000000251	0.1051	2	24	0	1	0.0895	3	18	1	0.0156	0	1
251	PEPNR00000000252	0.1465	0	0	0	0	0.141	0	0	0	0.0055	0	1
252	PEPNR00000000253	0.4325	1	5	0	1	0.4391	0	0	0	-0.0066	1	1
253	PEPNR00000000254	0.3183	1	8	0	1	0.3164	1	5	1	0.0019	0	1
254	PEPNR00000000255	0.0471	1	14	0	1	0.0673	2	13	1	-0.0202	0	1
255	PEPNR00000000256	0.2732	1	8	0	1	0.2995	2	10	1	-0.0263	0	1
256	PEPNR00000000257	0.0751	1	7	1	1	0.0946	1	19	1	-0.0195	0	1
257	PEPNR00000000258	0.1918	2	22	1	1	0.2305	1	11	1	-0.0387	0	1
258	PEPNR00000000259	0.2786	0	0	0	0	0.2729	2	16	1	0.0057	-1	0
259	PEPNR00000000260	0.1483	1	8	0	1	0.1708	2	14	1	-0.0225	0	1
260	PEPNR00000000261	0.0821	3	16	0	1	0.0897	1	18	1	-0.0076	0	1
261	PEPNR00000000262	0.1353	2	18	0	1	0.1023	0	0	0	0.033	1	1
262	PEPNR00000000263	0.0615	0	0	1	0	0.0546	2	25	1	0.0069	-1	0
263	PEPNR00000000264	0.1174	1	5	0	1	0.1601	1	5	1	-0.0427	0	1
264	PEPNR00000000265	0.3666	1	5	0	1	0.3996	1	6	1	-0.033	0	1
265	PEPNR00000000266	0.3875	0	0	1	0	0.4025	1	10	1	-0.015	-1	0
266	PEPNR00000000267	0.3445	1	6	0	1	0.3479	1	11	1	-0.0034	0	1
267	PEPNR00000000268	0.5461	1	8	0	1	0.5445	1	8	1	0.0016	0	1
268	PEPNR00000000269	0.4004	0	0	0	0	0.3942	0	0	0	0.0062	0	1
269	PEPNR00000000270	0.0958	1	9	0	1	0.1073	2	14	1	-0.0115	0	1
270	PEPNR00000000271	0.2784	1	5	0	1	0.29	1	7	1	-0.0116	0	1
271	PEPNR00000000272	0.229	0	0	0	0	0.2732	1	5	1	-0.0442	-1	0
272	PEPNR00000000273	0.2406	1	6	1	1	0.2497	2	16	1	-0.0091	0	1
273	PEPNR00000000274	0.0587	2	15	0	1	0.0611	0	0	0	-0.0024	1	1
274	PEPNR00000000275	0.1265	2	12	0	1	0.1522	1	7	1	-0.0257	0	1
275	PEPNR00000000276	0.0327	3	28	1	1	0.0493	2	20	1	-0.0166	0	1
276	PEPNR00000000277	0.4407	0	0	0	0	0.457	1	5	1	-0.0163	-1	0
277	PEPNR00000000278	0.1422	1	5	1	1	0.1845	1	6	1	-0.0423	0	1
278	PEPNR00000000279	0.2017	1	8	0	1	0.1975	1	5	1	0.0042	0	1
279	PEPNR00000000280	0.2447	0	0	0	0	0.208	1	7	1	0.0367	-1	0
280	PEPNR00000000281	0.245	1	10	1	1	0.2169	0	0	0	0.0281	1	1
281	PEPNR00000000282	0.0488	0	0	0	0	0.0314	1	10	1	0.0174	-1	0
282	PEPNR00000000283	0.038	2	23	0	1	0.0305	1	14	1	0.0075	0	1
283	PEPNR00000000284	0.06	2	15	1	1	0.0673	1	13	1	-0.0073	0	1
284	PEPNR00000000285	0.1593	1	5	0	1	0.1716	1	7	1	-0.0123	0	1
285	PEPNR00000000286	0.2092	2	12	0	1	0.194	1	8	1	0.0152	0	1
286	PEPNR00000000287	0.1962	2	16	0	1	0.1862	0	0	0	0.01	1	1
287	PEPNR00000000288	0.2759	0	0	0	0	0.3034	0	0	0	-0.0275	0	1
288	PEPNR00000000289	0.2666	0	0	0	0	0.2691	1	5	1	-0.0025	-1	0
289	PEPNR00000000290	0.1666	1	17	1	1	0.1758	0	0	0	-0.0092	1	1
290	PEPNR00000000291	0.1319	2	11	1	1	0.1326	1	5	1	-0.0007	0	1
291	PEPNR00000000292	0.1268	1	5	0	1	0.1583	2	12	1	-0.0315	0	1
292	PEPNR00000000293	0.2304	1	14	0	1	0.2465	1	9	1	-0.0161	0	1
293	PEPNR00000000294	0.2839	1	5	0	1	0.2822	0	0	0	0.0017	1	1
294	PEPNR00000000295	0.2664	1	11	0	1	0.2503	2	14	1	0.0161	0	1
295	PEPNR00000000296	0.2715	2	15	0	1	0.2729	2	17	1	-0.0014	0	1
296	PEPNR00000000297	0.112	1	14	1	1	0.0771	1	9	1	0.0349	0	1
297	PEPNR00000000298	0.1369	3	17	0	1	0.1462	2	12	1	-0.0093	0	1
298	PEPNR00000000299	0.2188	1	5	0	1	0.217	1	8	1	0.0018	0	1
299	PEPNR00000000300	0.2233	1	5	0	1	0.2335	0	0	0	-0.0102	1	1
300	PEPNR00000000301	0.1038	1	12	0	1	0.1605	2	16	1	-0.0567	0	1
301	PEPNR00000000302	0.0312	2	15	0	1	0.0601	2	20	1	-0.0289	0	1
302	PEPNR00000000303	0.2372	1	6	1	1	0.2293	0	0	0	0.0079	1	1
303	PEPNR00000000304	0.0695	1	15	0	1	0.0556	2	17	1	0.0139	0	1
304	PEPNR00000000305	0.3336	3	27	0	1	0.3395	0	0	0	-0.0059	1	1
305	PEPNR00000000306	0.2098	2	13	1	1	0.1978	0	0	0	0.012	1	1
306	PEPNR00000000307	0.104	2	12	0	1	0.0937	0	0	0	0.0103	1	1
307	PEPNR00000000308	0.2446	0	0	1	0	0.2527	0	0	0	-0.0081	0	1
308	PEPNR00000000309	0.2428	1	7	0	1	0.2607	1	10	1	-0.0179	0	1
309	PEPNR00000000310	0.1072	1	5	0	1	0.1367	0	0	0	-0.0295	1	1
310	PEPNR00000000311	0.1668	0	0	0	0	0.1942	2	18	1	-0.0274	-1	0
311	PEPNR00000000312	0.3365	0	0	1	0	0.3365	1	9	1	0	-1	0
312	PEPNR00000000313	0.1699	1	12	0	1	0.1985	1	6	1	-0.0286	0	1
313	PEPNR00000000314	0.251	1	13	0	1	0.2486	0	0	0	0.0024	1	1
314	PEPNR00000000315	0.1566	0	0	0	0	0.177	0	0	0	-0.0204	0	1
315	PEPNR00000000316	0.0633	1	6	0	1	0.0797	1	8	1	-0.0164	0	1
316	PEPNR00000000317	0.3787	1	6	1	1	0.3863	0	0	0	-0.0076	1	1
317	PEPNR00000000318	0.202	1	7	0	1	0.2027	1	7	1	-0.0007	0	1
318	PEPNR00000000319	0.0635	2	28	0	1	0.0308	2	17	1	0.0327	0	1
319	PEPNR00000000320	0.2026	1	7	0	1	0.2316	1	5	1	-0.029	0	1
320	PEPNR00000000321	0.0896	0	0	1	0	0.0928	0	0	0	-0.0032	0	1
321	PEPNR00000000322	0.0781	0	0	0	0	0.1051	1	10	1	-0.027	-1	0
322	PEPNR00000000323	0.2389	1	7	1	1	0.2558	0	0	0	-0.0169	1	1
323	PEPNR00000000324	0.195	1	5	0	1	0.2087	0	0	0	-0.0137	1	1
324	PEPNR00000000325	0.1423	1	6	0	1	0.1618	1	16	1	-0.0195	0	1
325	PEPNR00000000326	0.2299	0	0	0	0	0.2418	0	0	0	-0.0119	0	1
326	PEPNR00000000327	0.2023	1	18	1	1	0.1559	1	6	1	0.0464	0	1
327	PEPNR00000000328	0.3102	0	0	1	0	0.3159	0	0	0	-0.0057	0	1
328	PEPNR00000000329	0.0924	2	22	0	1	0.0958	3	18	1	-0.0034	0	1
329	PEPNR00000000330	0.2308	2	11	0	1	0.1867	1	5	1	0.0441	0	1
330	PEPNR00000000331	0.0446	1	16	0	1	0.0441	1	5	1	5.00E-04	0	1
331	PEPNR00000000332	0.2323	1	10	0	1	0.2549	1	6	1	-0.0226	0	1
332	PEPNR00000000333	0.4202	4	27	0	1	0.4288	1	5	1	-0.0086	0	1
333	PEPNR00000000334	0.3256	1	5	1	1	0.3417	0	0	0	-0.0161	1	1
334	PEPNR00000000335	0.2513	0	0	0	0	0.2447	0	0	0	0.0066	0	1
335	PEPNR00000000336	0.1056	2	10	0	1	0.1053	2	20	1	0.0003	0	1
336	PEPNR00000000337	0.5527	0	0	0	0	0.5652	0	0	0	-0.0125	0	1
337	PEPNR00000000338	0.2047	1	5	0	1	0.2376	0	0	0	-0.0329	1	1
338	PEPNR00000000339	0.3008	2	19	0	1	0.3089	0	0	0	-0.0081	1	1
339	PEPNR00000000340	0.0649	0	0	0	0	0.0682	1	8	1	-0.0033	-1	0
340	PEPNR00000000341	0.1092	2	18	0	1	0.1223	2	19	1	-0.0131	0	1
341	PEPNR00000000342	0.4284	0	0	1	0	0.4316	0	0	0	-0.0032	0	1
342	PEPNR00000000343	0.4914	0	0	0	0	0.5125	0	0	0	-0.0211	0	1
343	PEPNR00000000344	0.1925	1	6	0	1	0.196	0	0	0	-0.0035	1	1
344	PEPNR00000000345	0.4311	0	0	0	0	0.448	0	0	0	-0.0169	0	1
345	PEPNR00000000346	0.1344	3	18	0	1	0.1414	0	0	0	-0.007	1	1
346	PEPNR00000000347	0.0294	2	14	0	1	0.0205	2	27	1	0.0089	0	1
347	PEPNR00000000348	0.1642	1	10	0	1	0.1085	0	0	0	0.0557	1	1
348	PEPNR00000000349	0.1659	0	0	1	0	0.205	0	0	0	-0.0391	0	1
349	PEPNR00000000350	0.2659	0	0	1	0	0.2459	1	5	1	0.02	-1	0
350	PEPNR00000000351	0.374	1	6	1	1	0.3812	1	6	1	-0.0072	0	1
351	PEPNR00000000352	0.2656	3	17	0	1	0.2434	1	5	1	0.0222	0	1
352	PEPNR00000000353	0.2135	2	24	0	1	0.207	1	7	1	0.0065	0	1
353	PEPNR00000000354	0.4375	1	7	0	1	0.4528	0	0	0	-0.0153	1	1
354	PEPNR00000000355	0.1243	1	6	0	1	0.1046	2	10	1	0.0197	0	1
355	PEPNR00000000356	0.1413	2	16	0	1	0.1493	0	0	0	-0.008	1	1
356	PEPNR00000000357	0.0803	1	6	0	1	0.0842	1	18	1	-0.0039	0	1
357	PEPNR00000000358	0.1097	2	14	0	1	0.0987	1	5	1	0.011	0	1
358	PEPNR00000000359	0.2603	2	10	0	1	0.2428	1	7	1	0.0175	0	1
359	PEPNR00000000360	0.1592	1	10	0	1	0.1552	0	0	0	0.004	1	1
360	PEPNR00000000361	0.0815	2	21	0	1	0.0702	1	10	1	0.0113	0	1
361	PEPNR00000000362	0.1053	1	6	0	1	0.137	1	9	1	-0.0317	0	1
362	PEPNR00000000363	0.2009	2	12	0	1	0.2276	2	10	1	-0.0267	0	1
363	PEPNR00000000364	0.2094	1	5	1	1	0.2297	1	6	1	-0.0203	0	1
364	PEPNR00000000365	0.031	3	24	0	1	0.0172	1	5	1	0.0138	0	1
365	PEPNR00000000366	0.4377	0	0	0	0	0.4615	2	17	1	-0.0238	-1	0
366	PEPNR00000000367	0.1483	2	11	0	1	0.1195	1	6	1	0.0288	0	1
367	PEPNR00000000368	0.4957	0	0	1	0	0.5247	0	0	0	-0.029	0	1
368	PEPNR00000000369	0.1357	0	0	0	0	0.1361	2	11	1	-0.0004	-1	0
369	PEPNR00000000370	0.1182	1	17	0	1	0.0788	0	0	0	0.0394	1	1
370	PEPNR00000000371	0.1534	0	0	0	0	0.1434	1	7	1	0.01	-1	0
371	PEPNR00000000372	0.225	2	16	0	1	0.2488	1	10	1	-0.0238	0	1
372	PEPNR00000000373	0.1217	1	9	0	1	0.1226	2	13	1	-0.0009	0	1
373	PEPNR00000000374	0.0728	2	13	0	1	0.0844	4	28	1	-0.0116	0	1
374	PEPNR00000000375	0.0951	0	0	0	0	0.0829	3	22	1	0.0122	-1	0
375	PEPNR00000000376	0.3127	1	8	0	1	0.3109	0	0	0	0.0018	1	1
376	PEPNR00000000377	0.1497	0	0	0	0	0.1736	0	0	0	-0.0239	0	1
377	PEPNR00000000378	0.2908	1	6	0	1	0.3247	0	0	0	-0.0339	1	1
378	PEPNR00000000379	0.4004	0	0	1	0	0.4015	0	0	0	-0.0011	0	1
379	PEPNR00000000380	0.5347	1	9	0	1	0.5232	0	0	0	0.0115	1	1
380	PEPNR00000000381	0.3738	0	0	0	0	0.3893	1	5	1	-0.0155	-1	0
381	PEPNR00000000382	0.0495	3	20	0	1	0.0668	2	14	1	-0.0173	0	1
382	PEPNR00000000383	0.1529	2	15	0	1	0.1653	1	10	1	-0.0124	0	1
383	PEPNR00000000384	0.1196	1	8	1	1	0.144	0	0	0	-0.0244	1	1
384	PEPNR00000000385	0.1046	2	14	0	1	0.1359	2	15	1	-0.0313	0	1
385	PEPNR00000000386	0.2688	1	13	1	1	0.2772	2	14	1	-0.0084	0	1
386	PEPNR00000000387	0.1296	2	13	1	1	0.1399	0	0	0	-0.0103	1	1
387	PEPNR00000000388	0.1906	1	13	0	1	0.1766	1	12	1	0.014	0	1
388	PEPNR00000000389	0.1482	1	7	0	1	0.1386	1	5	1	0.0096	0	1
389	PEPNR00000000390	0.2551	0	0	0	0	0.2601	0	0	0	-0.005	0	1
390	PEPNR00000000391	0.3391	1	9	0	1	0.3171	0	0	0	0.022	1	1
391	PEPNR00000000392	0.1614	1	5	0	1	0.167	2	17	1	-0.0056	0	1
392	PEPNR00000000393	0.1481	2	13	0	1	0.1572	1	7	1	-0.0091	0	1
393	PEPNR00000000394	0.2151	0	0	0	0	0.2236	0	0	0	-0.0085	0	1
394	PEPNR00000000395	0.0908	2	10	0	1	0.1058	1	6	1	-0.015	0	1
395	PEPNR00000000396	0.055	2	17	1	1	0.0776	1	8	1	-0.0226	0	1
396	PEPNR00000000397	0.4296	0	0	0	0	0.4489	2	16	1	-0.0193	-1	0
397	PEPNR00000000398	0.1058	2	11	0	1	0.1149	0	0	0	-0.0091	1	1
398	PEPNR00000000399	0.0743	0	0	0	0	0.1098	0	0	0	-0.0355	0	1
399	PEPNR00000000400	0.1149	1	7	0	1	0.1055	2	21	1	0.0094	0	1
400	PEPNR00000000401	0.4508	1	9	0	1	0.4822	1	5	1	-0.0314	0	1
401	PEPNR00000000402	0.4404	0	0	0	0	0.464	0	0	0	-0.0236	0	1
402	PEPNR00000000403	0.1416	1	5	0	1	0.1324	3	21	1	0.0092	0	1
403	PEPNR00000000404	0.4615	2	16	1	1	0.4654	0	0	0	-0.0039	1	1
404	PEPNR00000000405	0.3082	1	6	0	1	0.3217	1	5	1	-0.0135	0	1
405	PEPNR00000000406	0.1176	2	25	0	1	0.1026	1	5	1	0.015	0	1
406	PEPNR00000000407	0.122	2	22	0	1	0.1014	2	12	1	0.0206	0	1
407	PEPNR00000000408	0.233	0	0	1	0	0.256	1	9	1	-0.023	-1	0
408	PEPNR00000000409	0.0704	2	17	0	1	0.0993	2	15	1	-0.0289	0	1
409	PEPNR00000000410	0.0717	2	11	0	1	0.0936	2	12	1	-0.0219	0	1
410	PEPNR00000000411	0.1034	1	5	0	1	0.124	2	16	1	-0.0206	0	1
411	PEPNR00000000412	0.4525	1	8	1	1	0.4738	0	0	0	-0.0213	1	1
412	PEPNR00000000413	0.2677	0	0	0	0	0.2972	0	0	0	-0.0295	0	1
413	PEPNR00000000414	0.1686	1	7	0	1	0.1977	1	9	1	-0.0291	0	1
414	PEPNR00000000415	0.1195	2	18	0	1	0.1184	0	0	0	0.0011	1	1
415	PEPNR00000000416	0.1994	1	13	0	1	0.1889	0	0	0	0.0105	1	1
416	PEPNR00000000417	0.0354	3	24	0	1	0.0495	0	0	0	-0.0141	1	1
417	PEPNR00000000418	0.304	1	6	1	1	0.3196	1	8	1	-0.0156	0	1
418	PEPNR00000000419	0.024	2	24	0	1	0.0325	1	13	1	-0.0085	0	1
419	PEPNR00000000420	0.311	1	7	0	1	0.3487	1	8	1	-0.0377	0	1
420	PEPNR00000000421	0.0728	2	30	0	1	0.0617	1	8	1	0.0111	0	1
421	PEPNR00000000422	0.111	2	13	1	1	0.1084	0	0	0	0.0026	1	1
422	PEPNR00000000423	0.0658	2	14	0	1	0.0907	2	11	1	-0.0249	0	1
423	PEPNR00000000424	0.1607	2	17	0	1	0.1847	1	19	1	-0.024	0	1
424	PEPNR00000000425	0.1514	1	18	0	1	0.0941	2	10	1	0.0573	0	1
425	PEPNR00000000426	0.2397	2	12	0	1	0.2285	1	8	1	0.0112	0	1
426	PEPNR00000000427	0.3561	0	0	0	0	0.3648	1	10	1	-0.0087	-1	0
427	PEPNR00000000428	0.0761	3	23	0	1	0.1477	1	13	1	-0.0716	0	1
428	PEPNR00000000429	0.3437	1	6	0	1	0.3371	1	8	1	0.0066	0	1
429	PEPNR00000000430	0.3567	1	5	0	1	0.3324	0	0	0	0.0243	1	1
430	PEPNR00000000431	0.1236	1	5	0	1	0.1071	2	13	1	0.0165	0	1
431	PEPNR00000000432	0.2324	0	0	0	0	0.2206	1	5	1	0.0118	-1	0
432	PEPNR00000000433	0.3652	0	0	0	0	0.3577	0	0	0	0.0075	0	1
433	PEPNR00000000434	0.4445	1	5	0	1	0.4413	0	0	0	0.0032	1	1
434	PEPNR00000000435	0.2572	0	0	0	0	0.2512	0	0	0	0.006	0	1
435	PEPNR00000000436	0.2311	1	12	1	1	0.265	0	0	0	-0.0339	1	1
436	PEPNR00000000437	0.4034	2	17	1	1	0.4069	0	0	0	-0.0035	1	1
437	PEPNR00000000438	0.1871	0	0	1	0	0.2444	1	11	1	-0.0573	-1	0
438	PEPNR00000000439	0.1834	1	5	0	1	0.2104	1	5	1	-0.027	0	1
439	PEPNR00000000440	0.1093	1	7	0	1	0.0763	1	5	1	0.033	0	1
440	PEPNR00000000441	0.314	1	16	0	1	0.3495	0	0	0	-0.0355	1	1
441	PEPNR00000000442	0.4047	1	10	0	1	0.4184	1	8	1	-0.0137	0	1
442	PEPNR00000000443	0.1799	2	22	0	1	0.1558	1	5	1	0.0241	0	1
443	PEPNR00000000444	0.2816	0	0	0	0	0.2899	0	0	0	-0.0083	0	1
444	PEPNR00000000445	0.341	2	10	0	1	0.352	1	6	1	-0.011	0	1
445	PEPNR00000000446	0.2277	0	0	1	0	0.2298	1	8	1	-0.0021	-1	0
446	PEPNR00000000447	0.2083	1	5	0	1	0.2434	1	14	1	-0.0351	0	1
447	PEPNR00000000448	0.1179	3	16	0	1	0.0929	1	6	1	0.025	0	1
448	PEPNR00000000449	0.4248	1	6	0	1	0.406	0	0	0	0.0188	1	1
449	PEPNR00000000450	0.2555	1	6	0	1	0.2661	2	12	1	-0.0106	0	1
450	PEPNR00000000451	0.1866	1	9	0	1	0.1847	1	9	1	0.0019	0	1
451	PEPNR00000000452	0.0342	2	17	0	1	0.0341	2	19	1	0.0001	0	1
452	PEPNR00000000453	0.0726	0	0	0	0	0.07	1	5	1	0.0026	-1	0
453	PEPNR00000000454	0.2239	0	0	0	0	0.2355	2	13	1	-0.0116	-1	0
454	PEPNR00000000455	0.33	0	0	0	0	0.3401	0	0	0	-0.0101	0	1
455	PEPNR00000000456	0.123	1	7	0	1	0.16	1	10	1	-0.037	0	1
456	PEPNR00000000457	0.0376	3	25	0	1	0.0351	2	16	1	0.0025	0	1
457	PEPNR00000000458	0.3123	1	6	0	1	0.3438	2	10	1	-0.0315	0	1
458	PEPNR00000000459	0.0934	1	13	0	1	0.0746	0	0	0	0.0188	1	1
459	PEPNR00000000460	0.1553	2	19	0	1	0.1731	3	24	1	-0.0178	0	1
460	PEPNR00000000461	0.2471	0	0	0	0	0.2254	1	6	1	0.0217	-1	0
461	PEPNR00000000462	0.3819	0	0	0	0	0.3732	0	0	0	0.0087	0	1
462	PEPNR00000000463	0.2899	1	5	0	1	0.2878	0	0	0	0.0021	1	1
463	PEPNR00000000464	0.0607	2	14	0	1	0.0823	2	26	1	-0.0216	0	1
464	PEPNR00000000465	0.1333	1	16	0	1	0.1285	1	10	1	0.0048	0	1
465	PEPNR00000000466	0.1611	1	5	0	1	0.1525	1	9	1	0.0086	0	1
466	PEPNR00000000467	0.1034	1	7	0	1	0.1124	0	0	0	-0.009	1	1
467	PEPNR00000000468	0.5719	0	0	0	0	0.5582	0	0	0	0.0137	0	1
468	PEPNR00000000469	0.2177	0	0	0	0	0.2415	1	8	1	-0.0238	-1	0
469	PEPNR00000000470	0.472	0	0	0	0	0.4804	0	0	0	-0.0084	0	1
470	PEPNR00000000471	0.0525	1	6	0	1	0.0552	2	20	1	-0.0027	0	1
471	PEPNR00000000472	0.3352	0	0	1	0	0.3509	0	0	0	-0.0157	0	1
472	PEPNR00000000473	0.3322	1	6	1	1	0.3163	1	7	1	0.0159	0	1
473	PEPNR00000000474	0.1644	2	17	0	1	0.1648	2	13	1	-0.0004	0	1
474	PEPNR00000000475	0.4039	1	5	0	1	0.4042	0	0	0	-0.0003	1	1
475	PEPNR00000000476	0.1872	2	20	0	1	0.1887	1	8	1	-0.0015	0	1
476	PEPNR00000000477	0.2604	0	0	1	0	0.2651	1	5	1	-0.0047	-1	0
477	PEPNR00000000478	0.1998	1	5	0	1	0.1813	1	5	1	0.0185	0	1
478	PEPNR00000000479	0.2635	1	8	0	1	0.2646	3	16	1	-0.0011	0	1
479	PEPNR00000000480	0.2774	2	11	0	1	0.2885	2	11	1	-0.0111	0	1
480	PEPNR00000000481	0.1259	0	0	0	0	0.1627	0	0	0	-0.0368	0	1
481	PEPNR00000000482	0.2561	1	6	0	1	0.2496	0	0	0	0.0065	1	1
482	PEPNR00000000483	0.1458	3	27	0	1	0.1144	0	0	0	0.0314	1	1
483	PEPNR00000000484	0.1483	1	16	0	1	0.1742	1	7	1	-0.0259	0	1
484	PEPNR00000000485	0.1672	0	0	0	0	0.1672	1	10	1	0	-1	0
485	PEPNR00000000486	0.2697	1	7	0	1	0.259	0	0	0	0.0107	1	1
486	PEPNR00000000487	0.1524	2	18	0	1	0.1464	0	0	0	0.006	1	1
487	PEPNR00000000488	0.1287	2	25	0	1	0.1253	2	14	1	0.0034	0	1
488	PEPNR00000000489	0.2641	0	0	0	0	0.2693	0	0	0	-0.0052	0	1
489	PEPNR00000000490	0.2109	2	11	0	1	0.233	1	10	1	-0.0221	0	1
490	PEPNR00000000491	0.2753	2	10	0	1	0.2875	2	16	1	-0.0122	0	1
491	PEPNR00000000492	0.3199	1	5	1	1	0.3381	1	5	1	-0.0182	0	1
492	PEPNR00000000493	0.2674	2	15	0	1	0.2896	0	0	0	-0.0222	1	1
493	PEPNR00000000494	0.3038	1	5	0	1	0.3376	1	9	1	-0.0338	0	1
494	PEPNR00000000495	0.1067	0	0	0	0	0.0959	1	8	1	0.0108	-1	0
495	PEPNR00000000496	0.307	1	5	0	1	0.3194	0	0	0	-0.0124	1	1
496	PEPNR00000000497	0.4201	1	5	0	1	0.4191	0	0	0	0.001	1	1
497	PEPNR00000000498	0.2505	0	0	0	0	0.2222	0	0	0	0.0283	0	1
498	PEPNR00000000499	0.2851	1	6	0	1	0.2947	0	0	0	-0.0096	1	1
499	PEPNR00000000500	0.1617	1	7	1	1	0.1593	0	0	0	0.0024	1	1
500	PEPNR00000000501	0.1576	0	0	0	0	0.1653	1	6	1	-0.0077	-1	0
501	PEPNR00000000502	0.1745	1	10	0	1	0.222	1	6	1	-0.0475	0	1
502	PEPNR00000000503	0.2842	0	0	0	0	0.2948	0	0	0	-0.0106	0	1
503	PEPNR00000000504	0.2792	0	0	0	0	0.2654	0	0	0	0.0138	0	1
504	PEPNR00000000505	0.0575	2	22	0	1	0.0546	2	17	1	0.0029	0	1
505	PEPNR00000000506	0.1306	2	15	0	1	0.1665	1	7	1	-0.0359	0	1
506	PEPNR00000000507	0.1431	1	17	0	1	0.1213	2	19	1	0.0218	0	1
507	PEPNR00000000508	0.0511	2	11	0	1	0.073	1	7	1	-0.0219	0	1
508	PEPNR00000000509	0.0717	2	14	0	1	0.0977	2	11	1	-0.026	0	1
509	PEPNR00000000510	0.4008	0	0	0	0	0.4294	2	13	1	-0.0286	-1	0
510	PEPNR00000000511	0.016	3	16	0	1	0.0084	3	21	1	0.0076	0	1
511	PEPNR00000000512	0.0453	2	25	0	1	0.0164	4	25	1	0.0289	0	1
512	PEPNR00000000513	0.1724	0	0	0	0	0.1854	1	5	1	-0.013	-1	0
513	PEPNR00000000514	0.1801	1	5	0	1	0.2018	0	0	0	-0.0217	1	1
514	PEPNR00000000515	0.0717	2	24	0	1	0.0631	0	0	0	0.0086	1	1
515	PEPNR00000000516	0.2851	0	0	0	0	0.2756	1	5	1	0.0095	-1	0
516	PEPNR00000000517	0.274	0	0	0	0	0.2586	0	0	0	0.0154	0	1
517	PEPNR00000000518	0.4065	0	0	0	0	0.4019	0	0	0	0.0046	0	1
518	PEPNR00000000519	0.0368	2	15	0	1	0.0409	3	27	1	-0.0041	0	1
519	PEPNR00000000520	0.3314	0	0	0	0	0.3591	1	11	1	-0.0277	-1	0
520	PEPNR00000000521	0.2365	1	9	0	1	0.2574	1	5	1	-0.0209	0	1
521	PEPNR00000000522	0.2462	2	11	0	1	0.2312	1	7	1	0.015	0	1
522	PEPNR00000000523	0.3138	0	0	0	0	0.3169	0	0	0	-0.0031	0	1
523	PEPNR00000000524	0.2315	3	18	0	1	0.2449	1	5	1	-0.0134	0	1
524	PEPNR00000000525	0.2261	0	0	1	0	0.2467	1	5	1	-0.0206	-1	0
525	PEPNR00000000526	0.0454	3	34	0	1	0.082	0	0	0	-0.0366	1	1
526	PEPNR00000000527	0.0566	1	10	0	1	0.0378	0	0	0	0.0188	1	1
527	PEPNR00000000528	0.2634	0	0	0	0	0.2745	0	0	0	-0.0111	0	1
528	PEPNR00000000529	0.1169	2	19	0	1	0.1133	1	7	1	0.0036	0	1
529	PEPNR00000000530	0.3631	1	6	0	1	0.3337	0	0	0	0.0294	1	1
530	PEPNR00000000531	0.043	2	21	0	1	0.0451	1	6	1	-0.0021	0	1
531	PEPNR00000000532	0.1227	1	8	0	1	0.1453	1	6	1	-0.0226	0	1
532	PEPNR00000000533	0.1234	1	8	0	1	0.1454	1	5	1	-0.022	0	1
533	PEPNR00000000534	0.3158	1	13	0	1	0.3001	1	7	1	0.0157	0	1
534	PEPNR00000000535	0.2029	1	13	0	1	0.2369	1	5	1	-0.034	0	1
535	PEPNR00000000536	0.0128	3	38	0	1	0.009	1	13	1	0.0038	0	1
536	PEPNR00000000537	0.4961	0	0	0	0	0.5081	0	0	0	-0.012	0	1
537	PEPNR00000000538	0.2323	1	5	1	1	0.2077	0	0	0	0.0246	1	1
538	PEPNR00000000539	0.4391	1	10	0	1	0.44	0	0	0	-0.0009	1	1
539	PEPNR00000000540	0.0555	1	9	0	1	0.0367	1	7	1	0.0188	0	1
540	PEPNR00000000541	0.1431	1	5	0	1	0.1433	0	0	0	-0.0002	1	1
541	PEPNR00000000542	0.2499	2	16	0	1	0.2542	0	0	0	-0.0043	1	1
542	PEPNR00000000543	0.4278	1	5	0	1	0.4419	0	0	0	-0.0141	1	1
543	PEPNR00000000544	0.1255	1	8	0	1	0.1379	1	9	1	-0.0124	0	1
544	PEPNR00000000545	0.0547	2	22	1	1	0.0584	2	14	1	-0.0037	0	1
545	PEPNR00000000546	0.0921	2	17	0	1	0.0897	1	9	1	0.0024	0	1
546	PEPNR00000000547	0.2785	2	11	0	1	0.286	1	5	1	-0.0075	0	1
547	PEPNR00000000548	0.3906	1	8	0	1	0.3844	0	0	0	0.0062	1	1
548	PEPNR00000000549	0.1206	3	20	0	1	0.1132	0	0	0	0.0074	1	1
549	PEPNR00000000550	0.4221	1	5	0	1	0.4426	0	0	0	-0.0205	1	1
550	PEPNR00000000551	0.0568	2	15	0	1	0.0781	2	14	1	-0.0213	0	1
551	PEPNR00000000552	0.0902	2	23	0	1	0.0958	1	8	1	-0.0056	0	1
552	PEPNR00000000553	0.0464	2	24	0	1	0.0359	1	11	1	0.0105	0	1
553	PEPNR00000000554	0.1184	2	19	0	1	0.1175	0	0	0	0.0009	1	1
554	PEPNR00000000555	0.245	3	26	0	1	0.2086	0	0	0	0.0364	1	1
555	PEPNR00000000556	0.05	3	25	0	1	0.0329	2	14	1	0.0171	0	1
556	PEPNR00000000557	0.1435	0	0	1	0	0.1643	0	0	0	-0.0208	0	1
557	PEPNR00000000558	0.252	1	10	0	1	0.3172	1	5	1	-0.0652	0	1
558	PEPNR00000000559	0.0463	3	29	0	1	0.062	2	21	1	-0.0157	0	1
559	PEPNR00000000560	0.0404	2	14	0	1	0.0381	1	6	1	0.0023	0	1
560	PEPNR00000000561	0.3861	0	0	0	0	0.383	1	6	1	0.0031	-1	0
561	PEPNR00000000562	0.2382	2	20	0	1	0.1756	2	13	1	0.0626	0	1
562	PEPNR00000000563	0.2736	1	7	1	1	0.2809	1	8	1	-0.0073	0	1
563	PEPNR00000000564	0.5286	1	8	0	1	0.5009	0	0	0	0.0277	1	1
564	PEPNR00000000565	0.0333	2	14	0	1	0.0563	1	9	1	-0.023	0	1
565	PEPNR00000000566	0.0157	2	11	0	1	0.0176	1	7	1	-0.0019	0	1
566	PEPNR00000000567	0.1558	1	15	0	1	0.1381	0	0	0	0.0177	1	1
567	PEPNR00000000568	0.3747	1	6	0	1	0.3595	0	0	0	0.0152	1	1
568	PEPNR00000000569	0.0637	2	13	0	1	0.0766	1	6	1	-0.0129	0	1
569	PEPNR00000000570	0.3895	0	0	0	0	0.389	0	0	0	5.00E-04	0	1
570	PEPNR00000000571	0.2383	1	5	0	1	0.2523	2	12	1	-0.014	0	1
571	PEPNR00000000572	0.0655	2	19	0	1	0.057	2	21	1	0.0085	0	1
572	PEPNR00000000573	0.2948	1	6	0	1	0.3056	1	5	1	-0.0108	0	1
573	PEPNR00000000574	0.0784	1	7	1	1	0.0562	2	21	1	0.0222	0	1
574	PEPNR00000000575	0.2871	0	0	0	0	0.2972	0	0	0	-0.0101	0	1
575	PEPNR00000000576	0.0896	1	10	0	1	0.0603	2	25	1	0.0293	0	1
576	PEPNR00000000577	0.2427	1	5	0	1	0.2517	1	7	1	-0.009	0	1
577	PEPNR00000000578	0.0386	2	19	0	1	0.0538	2	18	1	-0.0152	0	1
578	PEPNR00000000579	0.2197	0	0	1	0	0.238	1	7	1	-0.0183	-1	0
579	PEPNR00000000580	0.3476	1	11	0	1	0.3445	1	6	1	0.0031	0	1
580	PEPNR00000000581	0.315	1	13	0	1	0.3407	1	6	1	-0.0257	0	1
581	PEPNR00000000582	0.1354	1	6	0	1	0.1355	1	9	1	-0.0001	0	1
582	PEPNR00000000583	0.2246	3	22	0	1	0.2151	1	8	1	0.0095	0	1
583	PEPNR00000000584	0.1351	1	5	0	1	0.1484	0	0	0	-0.0133	1	1
584	PEPNR00000000585	0.0628	2	21	0	1	0.0786	2	17	1	-0.0158	0	1
585	PEPNR00000000586	0.0564	2	15	0	1	0.0512	1	11	1	0.0052	0	1
586	PEPNR00000000587	0.5588	0	0	0	0	0.5638	0	0	0	-0.005	0	1
587	PEPNR00000000588	0.2935	1	7	0	1	0.2782	1	5	1	0.0153	0	1
588	PEPNR00000000589	0.0768	2	10	0	1	0.0619	1	6	1	0.0149	0	1
589	PEPNR00000000590	0.1011	2	14	0	1	0.122	2	12	1	-0.0209	0	1
590	PEPNR00000000591	0.2708	0	0	0	0	0.2875	0	0	0	-0.0167	0	1
591	PEPNR00000000592	0.0954	1	18	0	1	0.095	2	26	1	0.0004	0	1
592	PEPNR00000000593	0.4254	0	0	0	0	0.4256	0	0	0	-0.0002	0	1
593	PEPNR00000000594	0.4914	0	0	0	0	0.4923	0	0	0	-0.0009	0	1
594	PEPNR00000000595	0.2069	1	8	0	1	0.1919	0	0	0	0.015	1	1
595	PEPNR00000000596	0.0611	2	19	0	1	0.0436	1	10	1	0.0175	0	1
596	PEPNR00000000597	0.1342	1	7	0	1	0.1266	2	21	1	0.0076	0	1
597	PEPNR00000000598	0.0967	1	18	0	1	0.0837	2	13	1	0.013	0	1
598	PEPNR00000000599	0.0684	1	10	0	1	0.0564	1	6	1	0.012	0	1
599	PEPNR00000000600	0.3653	0	0	1	0	0.3779	1	5	1	-0.0126	-1	0
600	PEPNR00000000601	0.041	3	30	0	1	0.0437	1	5	1	-0.0027	0	1
601	PEPNR00000000602	0.057	1	5	0	1	0.0498	2	13	1	0.0072	0	1
602	PEPNR00000000603	0.0921	2	25	0	1	0.156	1	27	1	-0.0639	0	1
603	PEPNR00000000604	0.1867	0	0	0	0	0.2299	1	11	1	-0.0432	-1	0
604	PEPNR00000000605	0.3604	0	0	1	0	0.3656	1	5	1	-0.0052	-1	0
605	PEPNR00000000606	0.3192	0	0	0	0	0.3186	1	5	1	0.0006	-1	0
606	PEPNR00000000607	0.218	1	8	0	1	0.2273	0	0	0	-0.0093	1	1
607	PEPNR00000000608	0.1487	1	16	1	1	0.1585	1	6	1	-0.0098	0	1
608	PEPNR00000000609	0.3536	1	6	0	1	0.3589	0	0	0	-0.0053	1	1
609	PEPNR00000000610	0.3025	0	0	0	0	0.3157	1	9	1	-0.0132	-1	0
610	PEPNR00000000611	0.2701	0	0	1	0	0.2803	1	9	1	-0.0102	-1	0
611	PEPNR00000000612	0.0255	3	32	1	1	0.0402	1	15	1	-0.0147	0	1
612	PEPNR00000000614	0.1517	1	6	0	1	0.2495	0	0	0	-0.0978	1	1
613	PEPNR00000000615	0.2262	0	0	0	0	0.2294	0	0	0	-0.0032	0	1
614	PEPNR00000000616	0.3378	0	0	1	0	0.3426	0	0	0	-0.0048	0	1
615	PEPNR00000000618	0.0555	2	13	0	1	0.0481	2	14	1	0.0074	0	1
616	PEPNR00000000619	0.3638	0	0	1	0	0.3754	0	0	0	-0.0116	0	1
617	PEPNR00000000620	0.4191	2	10	1	1	0.4455	0	0	0	-0.0264	1	1
618	PEPNR00000000621	0.3611	1	11	1	1	0.3773	0	0	0	-0.0162	1	1
619	PEPNR00000000622	0.3656	0	0	1	0	0.3452	0	0	0	0.0204	0	1
620	PEPNR00000000623	0.1378	1	8	1	1	0.1295	0	0	0	0.0083	1	1
621	PEPNR00000000624	0.1304	2	13	0	1	0.1453	2	15	1	-0.0149	0	1
622	PEPNR00000000625	0.2925	1	5	1	1	0.3293	0	0	0	-0.0368	1	1
623	PEPNR00000000626	0.408	0	0	1	0	0.4333	0	0	0	-0.0253	0	1
624	PEPNR00000000627	0.4288	0	0	1	0	0.4261	0	0	0	0.0027	0	1
625	PEPNR00000000628	0.1323	2	15	0	1	0.0832	2	17	1	0.0491	0	1
626	PEPNR00000000629	0.2407	1	17	0	1	0.2361	1	5	1	0.0046	0	1
627	PEPNR00000000630	0.289	0	0	1	0	0.3021	1	5	1	-0.0131	-1	0
628	PEPNR00000000631	0.3679	0	0	1	0	0.3592	0	0	0	0.0087	0	1
629	PEPNR00000000632	0.4056	0	0	1	0	0.4235	0	0	0	-0.0179	0	1
630	PEPNR00000000633	0.42	0	0	1	0	0.4369	0	0	0	-0.0169	0	1
631	PEPNR00000000634	0.0756	0	0	0	0	0.0509	1	7	1	0.0247	-1	0
632	PEPNR00000000635	0.1987	1	8	1	1	0.2047	2	21	1	-0.006	0	1
633	PEPNR00000000636	0.1427	1	8	1	1	0.1495	2	14	1	-0.0068	0	1
634	PEPNR00000000638	0.3667	0	0	1	0	0.37	1	11	1	-0.0033	-1	0
635	PEPNR00000000639	0.375	0	0	1	0	0.3767	0	0	0	-0.0017	0	1
636	PEPNR00000000640	0.1222	0	0	1	0	0.109	1	6	1	0.0132	-1	0
637	PEPNR00000000641	0.2851	1	9	1	1	0.2894	0	0	0	-0.0043	1	1
638	PEPNR00000000642	0.1391	1	17	1	1	0.1716	2	15	1	-0.0325	0	1
639	PEPNR00000000643	0.1752	1	5	1	1	0.1904	1	7	1	-0.0152	0	1
640	PEPNR00000000644	0.3639	0	0	1	0	0.3663	0	0	0	-0.0024	0	1
641	PEPNR00000000645	0.3179	1	5	0	1	0.3274	1	6	1	-0.0095	0	1
642	PEPNR00000000646	0.3654	0	0	1	0	0.3713	2	10	1	-0.0059	-1	0
643	PEPNR00000000647	0.1693	1	9	0	1	0.1843	0	0	0	-0.015	1	1
644	PEPNR00000000648	0.3291	0	0	1	0	0.3424	1	5	1	-0.0133	-1	0
645	PEPNR00000000649	0.2689	0	0	1	0	0.2715	0	0	0	-0.0026	0	1
646	PEPNR00000000650	0.1972	1	7	0	1	0.2235	2	10	1	-0.0263	0	1
647	PEPNR00000000651	0.3497	0	0	1	0	0.3585	1	5	1	-0.0088	-1	0
648	PEPNR00000000652	0.2872	1	9	1	1	0.3049	0	0	0	-0.0177	1	1
649	PEPNR00000000655	0.3661	0	0	1	0	0.376	1	5	1	-0.0099	-1	0
650	PEPNR00000000657	0.1592	2	13	0	1	0.1788	2	15	1	-0.0196	0	1
651	PEPNR00000000658	0.2524	1	10	1	1	0.2571	0	0	0	-0.0047	1	1
652	PEPNR00000000659	0.3477	0	0	1	0	0.3433	0	0	0	0.0044	0	1
653	PEPNR00000000661	0.2161	2	22	0	1	0.1787	2	13	1	0.0374	0	1
654	PEPNR00000000662	0.0741	3	22	1	1	0.0733	2	17	1	0.0008	0	1
655	PEPNR00000000663	0.3148	0	0	1	0	0.3085	0	0	0	0.0063	0	1
656	PEPNR00000000664	0.358	0	0	1	0	0.3527	0	0	0	0.0053	0	1
657	PEPNR00000000665	0.2354	1	8	1	1	0.2594	0	0	0	-0.024	1	1
658	PEPNR00000000667	0.0803	3	20	1	1	0.0546	1	6	1	0.0257	0	1
659	PEPNR00000000668	0.3444	1	6	0	1	0.3665	0	0	0	-0.0221	1	1
660	PEPNR00000000669	0.1389	1	5	1	1	0.1976	1	5	1	-0.0587	0	1
661	PEPNR00000000670	0.0358	3	31	1	1	0.0337	3	27	1	0.0021	0	1
662	PEPNR00000000671	0.2733	0	0	1	0	0.2901	0	0	0	-0.0168	0	1
663	PEPNR00000000675	0.332	0	0	1	0	0.3293	0	0	0	0.0027	0	1
664	PEPNR00000000677	0.3375	0	0	1	0	0.334	1	8	1	0.0035	-1	0
665	PEPNR00000000679	0.3316	1	10	1	1	0.3368	0	0	0	-0.0052	1	1
666	PEPNR00000000680	0.3477	0	0	1	0	0.3573	0	0	0	-0.0096	0	1
667	PEPNR00000000681	0.3586	0	0	1	0	0.3644	0	0	0	-0.0058	0	1
668	PEPNR00000000683	0.3595	0	0	1	0	0.3642	1	8	1	-0.0047	-1	0
669	PEPNR00000000684	0.2899	0	0	1	0	0.3256	0	0	0	-0.0357	0	1
670	PEPNR00000000685	0.2054	3	17	0	1	0.2369	1	7	1	-0.0315	0	1
671	PEPNR00000000686	0.3343	0	0	1	0	0.3274	0	0	0	0.0069	0	1
672	PEPNR00000000687	0.3812	1	6	1	1	0.3831	0	0	0	-0.0019	1	1
673	PEPNR00000000688	0.3633	0	0	1	0	0.3852	0	0	0	-0.0219	0	1
674	PEPNR00000000691	0.3653	1	7	1	1	0.3717	1	5	1	-0.0064	0	1
675	PEPNR00000000694	0.3814	1	10	1	1	0.3799	2	14	1	0.0015	0	1
676	PEPNR00000000695	0.0855	0	0	1	0	0.0685	0	0	0	0.017	0	1
677	PEPNR00000000696	0.2276	1	5	1	1	0.189	0	0	0	0.0386	1	1
678	PEPNR00000000697	0.1207	2	10	1	1	0.1434	0	0	0	-0.0227	1	1
679	PEPNR00000000698	0.0261	3	32	1	1	0.0698	2	23	1	-0.0437	0	1
680	PEPNR00000000699	0.2983	0	0	1	0	0.2859	0	0	0	0.0124	0	1
681	PEPNR00000000702	0.2757	1	11	1	1	0.2844	0	0	0	-0.0087	1	1
682	PEPNR00000000703	0.3604	1	7	1	1	0.3666	0	0	0	-0.0062	1	1
683	PEPNR00000000704	0.1819	2	12	1	1	0.1924	1	8	1	-0.0105	0	1
684	PEPNR00000000705	0.2318	2	13	1	1	0.204	2	11	1	0.0278	0	1
685	PEPNR00000000707	0.2402	1	6	0	1	0.2641	2	11	1	-0.0239	0	1
686	PEPNR00000000708	0.4191	2	10	1	1	0.4412	0	0	0	-0.0221	1	1
687	PEPNR00000000709	0.3068	0	0	1	0	0.2978	0	0	0	0.009	0	1
688	PEPNR00000000710	0.3287	0	0	1	0	0.3153	1	5	1	0.0134	-1	0
689	PEPNR00000000711	0.3679	0	0	1	0	0.3687	0	0	0	-0.0008	0	1
690	PEPNR00000000712	0.4234	1	5	1	1	0.4081	1	8	1	0.0153	0	1
691	PEPNR00000000713	0.2347	1	6	1	1	0.2613	1	6	1	-0.0266	0	1
692	PEPNR00000000714	0.0919	2	17	0	1	0.1574	1	5	1	-0.0655	0	1
693	PEPNR00000000717	0.2896	1	6	1	1	0.2887	1	7	1	0.0009	0	1
694	PEPNR00000000719	0.322	0	0	1	0	0.3276	0	0	0	-0.0056	0	1
695	PEPNR00000000721	0.3854	0	0	1	0	0.3963	0	0	0	-0.0109	0	1
696	PEPNR00000000722	0.3627	0	0	1	0	0.3655	0	0	0	-0.0028	0	1
697	PEPNR00000000723	0.389	2	10	1	1	0.3909	0	0	0	-0.0019	1	1
698	PEPNR00000000724	0.3639	0	0	1	0	0.3606	0	0	0	0.0033	0	1
699	PEPNR00000000727	0.2705	0	0	1	0	0.2855	0	0	0	-0.015	0	1
700	PEPNR00000000728	0.354	0	0	1	0	0.3746	1	6	1	-0.0206	-1	0
701	PEPNR00000000730	0.4179	2	10	1	1	0.4236	0	0	0	-0.0057	1	1
702	PEPNR00000000731	0.3535	0	0	1	0	0.372	1	6	1	-0.0185	-1	0
703	PEPNR00000000732	0.4033	2	10	1	1	0.4097	0	0	0	-0.0064	1	1
704	PEPNR00000000734	0.3895	0	0	1	0	0.3981	0	0	0	-0.0086	0	1
705	PEPNR00000000735	0.3526	0	0	1	0	0.3468	1	9	1	0.0058	-1	0
706	PEPNR00000000737	0.1816	1	6	1	1	0.1934	2	15	1	-0.0118	0	1
707	PEPNR00000000742	0.2321	1	8	1	1	0.3142	1	12	1	-0.0821	0	1
708	PEPNR00000000745	0.3606	0	0	1	0	0.3655	0	0	0	-0.0049	0	1
709	PEPNR00000000746	0.3534	0	0	1	0	0.3544	1	5	1	-0.001	-1	0
710	PEPNR00000000747	0.376	0	0	1	0	0.3783	0	0	0	-0.0023	0	1
711	PEPNR00000000748	0.4888	0	0	1	0	0.4865	0	0	0	0.0023	0	1
712	PEPNR00000000749	0.3038	1	9	1	1	0.3185	0	0	0	-0.0147	1	1
713	PEPNR00000000751	0.2545	1	9	1	1	0.2669	1	11	1	-0.0124	0	1
714	PEPNR00000000752	0.3739	0	0	1	0	0.3773	1	8	1	-0.0034	-1	0
715	PEPNR00000000754	0.3123	1	10	1	1	0.3165	1	5	1	-0.0042	0	1
716	PEPNR00000000756	0.2745	1	10	1	1	0.2903	0	0	0	-0.0158	1	1
717	PEPNR00000000758	0.242	1	12	1	1	0.2314	1	5	1	0.0106	0	1
718	PEPNR00000000759	0.2381	1	5	1	1	0.2186	0	0	0	0.0195	1	1
719	PEPNR00000000763	0.2103	1	7	1	1	0.2031	2	13	1	0.0072	0	1
720	PEPNR00000000765	0.1843	2	12	1	1	0.2109	0	0	0	-0.0266	1	1
721	PEPNR00000000767	0.2123	1	13	0	1	0.1952	0	0	0	0.0171	1	1
722	PEPNR00000000768	0.2618	1	10	0	1	0.2696	0	0	0	-0.0078	1	1
723	PEPNR00000000770	0.2891	0	0	1	0	0.303	0	0	0	-0.0139	0	1
724	PEPNR00000000771	0.3518	0	0	1	0	0.3596	1	6	1	-0.0078	-1	0
725	PEPNR00000000772	0.4854	0	0	1	0	0.4924	0	0	0	-0.007	0	1
726	PEPNR00000000773	0.293	1	10	1	1	0.2906	0	0	0	0.0024	1	1
727	PEPNR00000000774	0.343	0	0	1	0	0.3465	1	8	1	-0.0035	-1	0
728	PEPNR00000000775	0.2635	0	0	0	0	0.2637	0	0	0	-0.0002	0	1
729	PEPNR00000000780	0.2393	1	5	1	1	0.2449	1	13	1	-0.0056	0	1
730	PEPNR00000000782	0.2685	0	0	1	0	0.2737	0	0	0	-0.0052	0	1
731	PEPNR00000000785	0.1934	2	11	1	1	0.2002	0	0	0	-0.0068	1	1
732	PEPNR00000000788	0.3565	0	0	1	0	0.3525	1	9	1	0.004	-1	0
733	PEPNR00000000791	0.2387	1	5	1	1	0.2112	0	0	0	0.0275	1	1
734	PEPNR00000000796	0.2945	0	0	1	0	0.3318	1	8	1	-0.0373	-1	0
735	PEPNR00000000797	0.3646	0	0	1	0	0.3717	1	5	1	-0.0071	-1	0
736	PEPNR00000000798	0.3646	0	0	1	0	0.3522	0	0	0	0.0124	0	1
737	PEPNR00000000800	0.2841	1	9	1	1	0.3161	1	6	1	-0.032	0	1
738	PEPNR00000000802	0.2453	1	5	1	1	0.2692	2	12	1	-0.0239	0	1
739	PEPNR00000000804	0.3559	0	0	1	0	0.3522	1	10	1	0.0037	-1	0
740	PEPNR00000000807	0.1629	0	0	0	0	0.1474	1	6	1	0.0155	-1	0
741	PEPNR00000000808	0.3553	0	0	1	0	0.3479	0	0	0	0.0074	0	1
742	PEPNR00000000810	0.3875	0	0	1	0	0.3841	1	8	1	0.0034	-1	0
743	PEPNR00000000813	0.5391	0	0	0	0	0.5473	0	0	0	-0.0082	0	1
744	PEPNR00000000815	0.1618	2	12	1	1	0.1692	0	0	0	-0.0074	1	1
745	PEPNR00000000816	0.1667	2	12	1	1	0.1894	1	5	1	-0.0227	0	1
746	PEPNR00000000817	0.4377	0	0	1	0	0.4369	1	7	1	0.0008	-1	0
747	PEPNR00000000820	0.4076	0	0	1	0	0.4134	0	0	0	-0.0058	0	1
748	PEPNR00000000821	0.3109	1	10	1	1	0.2958	1	6	1	0.0151	0	1
749	PEPNR00000000822	0.1177	2	23	0	1	0.1286	2	11	1	-0.0109	0	1
750	PEPNR00000000823	0.1333	1	5	1	1	0.1176	0	0	0	0.0157	1	1
751	PEPNR00000000824	0.3798	0	0	1	0	0.3872	0	0	0	-0.0074	0	1
752	PEPNR00000000826	0.3102	0	0	1	0	0.3052	1	10	1	0.005	-1	0
753	PEPNR00000000830	0.1683	1	16	1	1	0.1522	1	6	1	0.0161	0	1
754	PEPNR00000000831	0.4114	1	5	1	1	0.3977	0	0	0	0.0137	1	1
755	PEPNR00000000834	0.3365	0	0	1	0	0.3483	1	5	1	-0.0118	-1	0
756	PEPNR00000000835	0.3314	0	0	1	0	0.3233	0	0	0	0.0081	0	1
757	PEPNR00000000836	0.3372	0	0	1	0	0.3458	0	0	0	-0.0086	0	1
758	PEPNR00000000838	0.3615	0	0	1	0	0.3653	0	0	0	-0.0038	0	1
759	PEPNR00000000840	0.3717	0	0	1	0	0.3758	0	0	0	-0.0041	0	1
760	PEPNR00000000841	0.127	1	17	0	1	0.1409	1	9	1	-0.0139	0	1
761	PEPNR00000000844	0.178	1	7	1	1	0.1677	1	10	1	0.0103	0	1
762	PEPNR00000000850	0.1202	1	10	1	1	0.15	1	10	1	-0.0298	0	1
763	PEPNR00000000851	0.3091	0	0	1	0	0.3135	0	0	0	-0.0044	0	1
764	PEPNR00000000858	0.249	1	5	1	1	0.273	1	9	1	-0.024	0	1
765	PEPNR00000000861	0.1272	1	10	1	1	0.1588	1	16	1	-0.0316	0	1
766	PEPNR00000000863	0.1739	2	11	1	1	0.2304	1	7	1	-0.0565	0	1
767	PEPNR00000000867	0.3623	0	0	1	0	0.3556	0	0	0	0.0067	0	1
768	PEPNR00000000868	0.1788	1	5	1	1	0.1813	2	13	1	-0.0025	0	1
769	PEPNR00000000871	0.3531	0	0	1	0	0.3635	2	10	1	-0.0104	-1	0
770	PEPNR00000000874	0.3114	0	0	1	0	0.3098	1	6	1	0.0016	-1	0
771	PEPNR00000000876	0.3639	0	0	1	0	0.3713	0	0	0	-0.0074	0	1
772	PEPNR00000000877	0.3289	0	0	1	0	0.3369	0	0	0	-0.008	0	1
773	PEPNR00000000879	0.417	0	0	1	0	0.4137	0	0	0	0.0033	0	1
774	PEPNR00000000880	0.2636	1	5	1	1	0.2856	1	8	1	-0.022	0	1
775	PEPNR00000000882	0.4471	1	5	1	1	0.4498	0	0	0	-0.0027	1	1
776	PEPNR00000000885	0.149	2	13	1	1	0.1395	0	0	0	0.0095	1	1
777	PEPNR00000000886	0.422	0	0	1	0	0.4435	1	8	1	-0.0215	-1	0
778	PEPNR00000000887	0.3578	0	0	1	0	0.3469	1	6	1	0.0109	-1	0
779	PEPNR00000000890	0.3338	0	0	1	0	0.3629	0	0	0	-0.0291	0	1
780	PEPNR00000000891	0.3665	0	0	1	0	0.3751	1	5	1	-0.0086	-1	0
781	PEPNR00000000892	0.3533	0	0	1	0	0.3603	1	5	1	-0.007	-1	0
782	PEPNR00000000893	0.062	2	21	1	1	0.0764	0	0	0	-0.0144	1	1
783	PEPNR00000000897	0.1539	2	21	1	1	0.179	0	0	0	-0.0251	1	1
784	PEPNR00000000898	0.39	2	10	1	1	0.4222	0	0	0	-0.0322	1	1
785	PEPNR00000000899	0.337	0	0	1	0	0.3433	1	6	1	-0.0063	-1	0
786	PEPNR00000000904	0.3794	0	0	1	0	0.3921	1	11	1	-0.0127	-1	0
787	PEPNR00000000906	0.29	0	0	1	0	0.313	0	0	0	-0.023	0	1
788	PEPNR00000000907	0.3615	1	6	1	1	0.3828	0	0	0	-0.0213	1	1
789	PEPNR00000000909	0.3335	0	0	1	0	0.3311	1	7	1	0.0024	-1	0
790	PEPNR00000000910	0.1376	1	5	0	1	0.1147	0	0	0	0.0229	1	1
791	PEPNR00000000912	0.3154	1	10	1	1	0.3208	1	6	1	-0.0054	0	1
792	PEPNR00000000913	0.1742	1	5	1	1	0.2103	2	12	1	-0.0361	0	1
793	PEPNR00000000915	0.148	1	5	1	1	0.1734	1	9	1	-0.0254	0	1
794	PEPNR00000000918	0.3638	0	0	1	0	0.3749	1	5	1	-0.0111	-1	0
795	PEPNR00000000920	0.1478	1	5	1	1	0.1284	1	6	1	0.0194	0	1
796	PEPNR00000000932	0.3759	0	0	1	0	0.378	0	0	0	-0.0021	0	1
797	PEPNR00000000933	0.1545	1	6	1	1	0.1375	0	0	0	0.017	1	1
798	PEPNR00000000939	0.241	1	9	1	1	0.2622	0	0	0	-0.0212	1	1
799	PEPNR00000000941	0.3499	0	0	1	0	0.3553	0	0	0	-0.0054	0	1
800	PEPNR00000000942	0.3023	1	7	0	1	0.3014	1	10	1	0.0009	0	1
801	PEPNR00000000943	0.4643	0	0	0	0	0.4626	0	0	0	0.0017	0	1
802	PEPNR00000000946	0.366	0	0	1	0	0.3744	0	0	0	-0.0084	0	1
803	PEPNR00000000951	0.3719	2	11	1	1	0.4043	2	18	1	-0.0324	0	1
804	PEPNR00000000955	0.3751	0	0	1	0	0.3788	1	5	1	-0.0037	-1	0
805	PEPNR00000000957	0.4023	0	0	1	0	0.4001	0	0	0	0.0022	0	1
806	PEPNR00000000961	0.3662	0	0	1	0	0.3674	0	0	0	-0.0012	0	1
807	PEPNR00000000962	0.3367	0	0	1	0	0.3501	0	0	0	-0.0134	0	1
808	PEPNR00000000968	0.0385	3	31	1	1	0.076	2	19	1	-0.0375	0	1
809	PEPNR00000000969	0.3633	0	0	1	0	0.3722	0	0	0	-0.0089	0	1
810	PEPNR00000000981	0.3747	0	0	1	0	0.3819	0	0	0	-0.0072	0	1
811	PEPNR00000000983	0.1986	2	12	1	1	0.1967	2	17	1	0.0019	0	1
812	PEPNR00000000991	0.0467	2	26	1	1	0.0461	2	15	1	0.0006	0	1
813	PEPNR00000000992	0.4432	1	5	1	1	0.438	0	0	0	0.0052	1	1
814	PEPNR00000000994	0.1487	0	0	1	0	0.2019	2	11	1	-0.0532	-1	0
815	PEPNR00000001006	0.3655	0	0	1	0	0.3704	0	0	0	-0.0049	0	1
816	PEPNR00000001008	0.2739	0	0	1	0	0.2876	0	0	0	-0.0137	0	1
817	PEPNR00000001012	0.1319	1	10	0	1	0.1696	1	7	1	-0.0377	0	1
818	PEPNR00000001016	0.3331	1	10	1	1	0.3192	0	0	0	0.0139	1	1
819	PEPNR00000001017	0.1843	2	12	1	1	0.2165	0	0	0	-0.0322	1	1
820	PEPNR00000001020	0.3647	0	0	1	0	0.365	1	9	1	-0.0003	-1	0
821	PEPNR00000001033	0.2956	0	0	1	0	0.305	1	5	1	-0.0094	-1	0
822	PEPNR00000001034	0.4546	0	0	0	0	0.4606	0	0	0	-0.006	0	1
823	PEPNR00000001042	0.3577	0	0	1	0	0.3572	0	0	0	5.00E-04	0	1
824	PEPNR00000001048	0.379	0	0	1	0	0.3895	1	5	1	-0.0105	-1	0
825	PEPNR00000001049	0.2021	1	7	1	1	0.2261	0	0	0	-0.024	1	1
826	PEPNR00000001079	0.3442	0	0	1	0	0.3437	1	6	1	5.00E-04	-1	0
827	PEPNR00000001082	0.2941	1	10	1	1	0.293	1	19	1	0.0011	0	1
828	PEPNR00000001084	0.3077	0	0	1	0	0.3062	0	0	0	0.0015	0	1
829	PEPNR00000001092	0.3753	0	0	1	0	0.3737	0	0	0	0.0016	0	1
830	PEPNR00000001095	0.3044	1	9	1	1	0.3242	0	0	0	-0.0198	1	1
831	PEPNR00000001100	0.1469	1	5	0	1	0.1362	1	7	1	0.0107	0	1
832	PEPNR00000001103	0.3751	0	0	1	0	0.362	0	0	0	0.0131	0	1
833	PEPNR00000001105	0.3243	0	0	1	0	0.3456	2	15	1	-0.0213	-1	0
834	PEPNR00000001124	0.0213	2	16	1	1	0.0136	1	12	1	0.0077	0	1
835	PEPNR00000001140	0.1378	0	0	0	0	0.1521	1	7	1	-0.0143	-1	0
836	PEPNR00000001142	0.3452	1	6	1	1	0.3449	0	0	0	0.0003	1	1
837	PEPNR00000001145	0.1784	0	0	1	0	0.2093	2	15	1	-0.0309	-1	0
838	PEPNR00000001150	0.1526	1	5	1	1	0.148	1	6	1	0.0046	0	1
839	PEPNR00000001154	0.3432	0	0	1	0	0.3215	0	0	0	0.0217	0	1
840	PEPNR00000001155	0.529	0	0	1	0	0.5311	0	0	0	-0.0021	0	1
841	PEPNR00000001159	0.2328	1	5	1	1	0.2265	1	6	1	0.0063	0	1
842	PEPNR00000001162	0.4167	2	10	1	1	0.4298	0	0	0	-0.0131	1	1
843	PEPNR00000001165	0.1591	1	6	1	1	0.1581	2	16	1	0.001	0	1
844	PEPNR00000001166	0.2981	1	10	1	1	0.298	0	0	0	1.00E-04	1	1
845	PEPNR00000001172	0.421	0	0	1	0	0.4368	0	0	0	-0.0158	0	1
846	PEPNR00000001176	0.0762	2	14	1	1	0.1067	2	13	1	-0.0305	0	1
847	PEPNR00000001181	0.2393	0	0	1	0	0.2533	0	0	0	-0.014	0	1
848	PEPNR00000001198	0.3797	0	0	1	0	0.3903	0	0	0	-0.0106	0	1
849	PEPNR00000001205	0.2471	1	10	1	1	0.2565	1	6	1	-0.0094	0	1
850	PEPNR00000001212	0.3996	2	10	1	1	0.4108	1	9	1	-0.0112	0	1
851	PEPNR00000001222	0.3208	0	0	1	0	0.3138	0	0	0	0.007	0	1
852	PEPNR00000001232	0.4297	1	5	1	1	0.4236	0	0	0	0.0061	1	1
853	PEPNR00000001235	0.2491	1	10	1	1	0.2442	1	11	1	0.0049	0	1
854	PEPNR00000001250	0.4099	0	0	1	0	0.4083	0	0	0	0.0016	0	1
855	PEPNR00000001266	0.2665	1	6	1	1	0.2805	1	8	1	-0.014	0	1
856	PEPNR00000001296	0.1611	1	5	1	1	0.1805	2	10	1	-0.0194	0	1
857	PEPNR00000001302	0.364	0	0	1	0	0.3739	0	0	0	-0.0099	0	1
858	PEPNR00000001308	0.3873	0	0	1	0	0.379	0	0	0	0.0083	0	1
859	PEPNR00000001312	0.3368	0	0	1	0	0.3387	0	0	0	-0.0019	0	1
860	PEPNR00000001316	0.3516	0	0	1	0	0.3532	0	0	0	-0.0016	0	1
861	PEPNR00000001319	0.3567	0	0	1	0	0.3457	0	0	0	0.011	0	1
862	PEPNR00000001329	0.1109	2	13	1	1	0.1288	1	6	1	-0.0179	0	1
863	PEPNR00000001335	0.4113	0	0	1	0	0.4117	0	0	0	-0.0004	0	1
864	PEPNR00000001346	0.3708	2	10	1	1	0.3792	1	7	1	-0.0084	0	1
865	PEPNR00000001365	0.231	0	0	1	0	0.2324	1	6	1	-0.0014	-1	0
866	PEPNR00000001379	0.2378	1	5	1	1	0.208	0	0	0	0.0298	1	1
867	PEPNR00000001384	0.2852	1	10	1	1	0.2826	1	6	1	0.0026	0	1
868	PEPNR00000001396	0.1039	1	6	1	1	0.1013	1	7	1	0.0026	0	1
869	PEPNR00000001398	0.2567	1	5	1	1	0.2213	1	6	1	0.0354	0	1
870	PEPNR00000001406	0.2842	0	0	1	0	0.2861	0	0	0	-0.0019	0	1
871	PEPNR00000001411	0.1784	1	7	1	1	0.1795	1	8	1	-0.0011	0	1
872	PEPNR00000001442	0.3844	0	0	1	0	0.4075	0	0	0	-0.0231	0	1
873	PEPNR00000001447	0.3553	0	0	1	0	0.3724	2	10	1	-0.0171	-1	0
874	PEPNR00000001468	0.3712	1	6	1	1	0.3913	0	0	0	-0.0201	1	1
875	PEPNR00000001478	0.3434	0	0	1	0	0.3644	1	5	1	-0.021	-1	0
876	PEPNR00000001483	0.1755	1	6	1	1	0.1972	1	6	1	-0.0217	0	1
877	PEPNR00000001487	0.3733	0	0	1	0	0.3627	0	0	0	0.0106	0	1
878	PEPNR00000001488	0.2941	0	0	1	0	0.3177	2	15	1	-0.0236	-1	0
879	PEPNR00000001489	0.2623	0	0	1	0	0.2642	0	0	0	-0.0019	0	1
880	PEPNR00000001492	0.3397	1	10	1	1	0.3426	0	0	0	-0.0029	1	1
881	PEPNR00000001505	0.3457	0	0	1	0	0.3587	2	13	1	-0.013	-1	0
882	PEPNR00000001509	0.3447	0	0	1	0	0.3605	0	0	0	-0.0158	0	1
883	PEPNR00000001512	0.3052	1	9	1	1	0.297	0	0	0	0.0082	1	1
884	PEPNR00000001521	0.4057	0	0	1	0	0.4088	0	0	0	-0.0031	0	1
885	PEPNR00000001540	0.3876	0	0	1	0	0.3937	1	6	1	-0.0061	-1	0
886	PEPNR00000001542	0.2571	1	10	1	1	0.2725	2	14	1	-0.0154	0	1
887	PEPNR00000001548	0.3566	0	0	1	0	0.3609	0	0	0	-0.0043	0	1
888	PEPNR00000001551	0.1628	2	12	1	1	0.191	0	0	0	-0.0282	1	1
889	PEPNR00000001557	0.2837	0	0	1	0	0.3133	1	9	1	-0.0296	-1	0
890	PEPNR00000001565	0.3332	0	0	1	0	0.3287	0	0	0	0.0045	0	1
891	PEPNR00000001572	0.2231	1	7	1	1	0.2174	0	0	0	0.0057	1	1
892	PEPNR00000001576	0.3742	0	0	1	0	0.3872	0	0	0	-0.013	0	1
893	PEPNR00000001579	0.1494	1	5	1	1	0.1272	1	8	1	0.0222	0	1
894	PEPNR00000001596	0.1651	1	5	1	1	0.1909	0	0	0	-0.0258	1	1
895	PEPNR00000001614	0.2895	0	0	1	0	0.2858	1	12	1	0.0037	-1	0
896	PEPNR00000001618	0.2958	1	5	1	1	0.3184	1	6	1	-0.0226	0	1
897	PEPNR00000001621	0.3788	0	0	1	0	0.3729	0	0	0	0.0059	0	1
898	PEPNR00000001628	0.1782	2	15	1	1	0.1818	0	0	0	-0.0036	1	1
899	PEPNR00000001632	0.3747	0	0	1	0	0.3826	0	0	0	-0.0079	0	1
900	PEPNR00000001650	0.3662	0	0	1	0	0.3748	1	5	1	-0.0086	-1	0
901	PEPNR00000001652	0.358	0	0	1	0	0.3458	1	12	1	0.0122	-1	0
902	PEPNR00000001676	0.4155	0	0	1	0	0.4217	0	0	0	-0.0062	0	1
903	PEPNR00000001689	0.3048	1	10	1	1	0.2974	1	5	1	0.0074	0	1
904	PEPNR00000001701	0.4085	0	0	1	0	0.4055	0	0	0	0.003	0	1
905	PEPNR00000001735	0.2893	1	10	1	1	0.2666	0	0	0	0.0227	1	1
906	PEPNR00000001756	0.1163	2	13	1	1	0.1444	1	18	1	-0.0281	0	1
907	PEPNR00000001758	0.3645	0	0	1	0	0.3596	0	0	0	0.0049	0	1
908	PEPNR00000001769	0.4148	0	0	1	0	0.4196	1	7	1	-0.0048	-1	0
909	PEPNR00000001772	0.1552	1	10	1	1	0.1551	1	5	1	0.0001	0	1
910	PEPNR00000001783	0.3653	0	0	1	0	0.3825	0	0	0	-0.0172	0	1
911	PEPNR00000001784	0.3394	0	0	1	0	0.3407	1	10	1	-0.0013	-1	0
912	PEPNR00000001787	0.1201	1	16	1	1	0.0897	1	6	1	0.0304	0	1
913	PEPNR00000001794	0.3444	0	0	1	0	0.3642	0	0	0	-0.0198	0	1
914	PEPNR00000001836	0.3069	0	0	1	0	0.3189	0	0	0	-0.012	0	1
915	PEPNR00000001841	0.3641	0	0	1	0	0.3632	0	0	0	0.0009	0	1
916	PEPNR00000001843	0.4019	2	10	1	1	0.4295	0	0	0	-0.0276	1	1
917	PEPNR00000001856	0.4032	0	0	1	0	0.3923	1	7	1	0.0109	-1	0
918	PEPNR00000001858	0.1381	2	12	1	1	0.1452	2	11	1	-0.0071	0	1
919	PEPNR00000001871	0.3599	0	0	1	0	0.3645	1	10	1	-0.0046	-1	0
920	PEPNR00000001875	0.3581	0	0	1	0	0.3629	1	6	1	-0.0048	-1	0
921	PEPNR00000001887	0.3456	1	10	1	1	0.3493	0	0	0	-0.0037	1	1
922	PEPNR00000001900	0.3068	0	0	1	0	0.3188	0	0	0	-0.012	0	1
923	PEPNR00000001943	0.4068	0	0	1	0	0.407	0	0	0	-0.0002	0	1
924	PEPNR00000001964	0.2146	1	5	1	1	0.239	0	0	0	-0.0244	1	1
925	PEPNR00000001987	0.3149	1	10	1	1	0.3133	0	0	0	0.0016	1	1
926	PEPNR00000001989	0.2715	0	0	1	0	0.3254	1	5	1	-0.0539	-1	0
927	PEPNR00000001998	0.2162	1	6	1	1	0.2375	1	8	1	-0.0213	0	1
928	PEPNR00000002002	0.379	0	0	1	0	0.3828	0	0	0	-0.0038	0	1
929	PEPNR00000002021	0.186	2	12	1	1	0.1535	2	16	1	0.0325	0	1
930	PEPNR00000002036	0.2639	0	0	1	0	0.2728	0	0	0	-0.0089	0	1
931	PEPNR00000002047	0.3509	0	0	1	0	0.3699	0	0	0	-0.019	0	1
932	PEPNR00000002063	0.3102	1	10	1	1	0.3349	2	13	1	-0.0247	0	1
933	PEPNR00000002106	0.2153	0	0	1	0	0.2322	1	6	1	-0.0169	-1	0
934	PEPNR00000002117	0.1585	1	5	1	1	0.1417	0	0	0	0.0168	1	1
935	PEPNR00000002122	0.4165	0	0	1	0	0.4105	0	0	0	0.006	0	1
936	PEPNR00000002134	0.3508	0	0	1	0	0.3429	0	0	0	0.0079	0	1
937	PEPNR00000002136	0.1613	1	5	1	1	0.1943	0	0	0	-0.033	1	1
938	PEPNR00000002151	0.3734	0	0	1	0	0.3761	1	5	1	-0.0027	-1	0
939	PEPNR00000002177	0.3593	0	0	1	0	0.3926	0	0	0	-0.0333	0	1
940	PEPNR00000002206	0.4226	0	0	1	0	0.4018	1	5	1	0.0208	-1	0
941	PEPNR00000002208	0.5017	0	0	1	0	0.526	0	0	0	-0.0243	0	1
942	PEPNR00000002229	0.3152	0	0	1	0	0.3188	0	0	0	-0.0036	0	1
943	PEPNR00000002264	0.1331	1	13	1	1	0.1355	0	0	0	-0.0024	1	1
944	PEPNR00000002270	0.381	0	0	1	0	0.4003	0	0	0	-0.0193	0	1
945	PEPNR00000002352	0.3598	0	0	1	0	0.3644	0	0	0	-0.0046	0	1
946	PEPNR00000002369	0.1524	2	12	1	1	0.1385	1	10	1	0.0139	0	1
947	PEPNR00000002422	0.2838	0	0	1	0	0.3014	1	5	1	-0.0176	-1	0
948	PEPNR00000002431	0.2846	0	0	1	0	0.302	0	0	0	-0.0174	0	1
949	PEPNR00000002445	0.3553	0	0	1	0	0.3623	0	0	0	-0.007	0	1
950	PEPNR00000002450	0.361	0	0	1	0	0.3501	0	0	0	0.0109	0	1
951	PEPNR00000002480	0.3442	0	0	1	0	0.3397	0	0	0	0.0045	0	1
952	PEPNR00000002484	0.1613	0	0	1	0	0.1692	1	7	1	-0.0079	-1	0
953	PEPNR00000002528	0.3885	0	0	1	0	0.3943	0	0	0	-0.0058	0	1
954	PEPNR00000002547	0.1595	1	5	1	1	0.1961	1	17	1	-0.0366	0	1
955	PEPNR00000002548	0.1652	1	5	1	1	0.1683	0	0	0	-0.0031	1	1
956	PEPNR00000002568	0.3109	0	0	1	0	0.3102	1	9	1	0.0007	-1	0
957	PEPNR00000002575	0.3219	0	0	1	0	0.3274	0	0	0	-0.0055	0	1
958	PEPNR00000002601	0.3541	0	0	1	0	0.372	1	9	1	-0.0179	-1	0
959	PEPNR00000002613	0.3114	0	0	1	0	0.3059	0	0	0	0.0055	0	1
960	PEPNR00000002651	0.2362	1	12	1	1	0.2425	0	0	0	-0.0063	1	1
961	PEPNR00000002653	0.406	1	5	1	1	0.4218	0	0	0	-0.0158	1	1
962	PEPNR00000002659	0.3665	0	0	1	0	0.3741	1	9	1	-0.0076	-1	0
963	PEPNR00000002687	0.2898	0	0	1	0	0.3074	1	7	1	-0.0176	-1	0
964	PEPNR00000002689	0.2916	0	0	1	0	0.2878	1	6	1	0.0038	-1	0
965	PEPNR00000002758	0.1453	2	12	1	1	0.1588	0	0	0	-0.0135	1	1
966	PEPNR00000002768	0.374	0	0	1	0	0.3721	0	0	0	0.0019	0	1
967	PEPNR00000002805	0.2867	0	0	1	0	0.2845	1	5	1	0.0022	-1	0
968	PEPNR00000002829	0.3596	0	0	1	0	0.3793	0	0	0	-0.0197	0	1
969	PEPNR00000002838	0.3595	0	0	1	0	0.3503	0	0	0	0.0092	0	1
970	PEPNR00000002856	0.3543	0	0	1	0	0.3544	1	6	1	-1.00E-04	-1	0
971	PEPNR00000002893	0.3707	0	0	1	0	0.3691	0	0	0	0.0016	0	1
972	PEPNR00000002894	0.3747	0	0	1	0	0.3888	0	0	0	-0.0141	0	1
973	PEPNR00000002920	0.2944	0	0	1	0	0.3098	0	0	0	-0.0154	0	1
974	PEPNR00000002922	0.3646	0	0	1	0	0.4149	1	5	1	-0.0503	-1	0
975	PEPNR00000002923	0.3106	0	0	1	0	0.322	0	0	0	-0.0114	0	1
976	PEPNR00000002951	0.3353	0	0	1	0	0.3403	0	0	0	-0.005	0	1
977	PEPNR00000002952	0.2881	0	0	1	0	0.3022	0	0	0	-0.0141	0	1
978	PEPNR00000002963	0.3613	0	0	1	0	0.3691	0	0	0	-0.0078	0	1
979	PEPNR00000002980	0.2729	1	10	1	1	0.2799	1	11	1	-0.007	0	1
980	PEPNR00000003023	0.3468	0	0	1	0	0.3491	0	0	0	-0.0023	0	1
981	PEPNR00000003035	0.3584	0	0	1	0	0.3433	1	10	1	0.0151	-1	0
982	PEPNR00000003091	0.1093	0	0	1	0	0.103	0	0	0	0.0063	0	1
983	PEPNR00000003122	0.3398	0	0	1	0	0.347	1	5	1	-0.0072	-1	0
984	PEPNR00000003146	0.403	2	10	1	1	0.412	2	12	1	-0.009	0	1
985	PEPNR00000003237	0.4692	0	0	1	0	0.4761	0	0	0	-0.0069	0	1
986	PEPNR00000003256	0.3436	0	0	1	0	0.3572	1	12	1	-0.0136	-1	0
987	PEPNR00000003279	0.3596	0	0	1	0	0.3604	0	0	0	-0.0008	0	1
988	PEPNR00000003309	0.4032	0	0	1	0	0.4008	1	12	1	0.0024	-1	0
989	PEPNR00000003336	0.3575	0	0	1	0	0.3715	0	0	0	-0.014	0	1
990	PEPNR00000003340	0.3622	0	0	1	0	0.367	0	0	0	-0.0048	0	1
991	PEPNR00000003345	0.3128	0	0	1	0	0.3303	0	0	0	-0.0175	0	1
992	PEPNR00000003466	0.3435	0	0	1	0	0.3563	0	0	0	-0.0128	0	1
993	PEPNR00000003474	0.4725	0	0	1	0	0.4855	0	0	0	-0.013	0	1
994	PEPNR00000003503	0.3116	1	6	1	1	0.3383	1	5	1	-0.0267	0	1
995	PEPNR00000003560	0.2665	1	10	1	1	0.2602	0	0	0	0.0063	1	1
996	PEPNR00000003563	0.3191	1	7	1	1	0.3055	0	0	0	0.0136	1	1
997	PEPNR00000003686	0.3532	0	0	1	0	0.3662	0	0	0	-0.013	0	1
998	PEPNR00000003688	0.381	0	0	1	0	0.396	0	0	0	-0.015	0	1
999	PEPNR00000003722	0.4372	1	10	1	1	0.423	0	0	0	0.0142	1	1
1000	PEPNR00000003760	0.3647	0	0	1	0	0.3797	0	0	0	-0.015	0	1
1001	PEPNR00000003792	0.1777	1	7	1	1	0.2023	1	5	1	-0.0246	0	1
1002	PEPNR00000004116	0.3445	0	0	1	0	0.3376	1	8	1	0.0069	-1	0
1003	PEPNR00000004215	0.3449	0	0	1	0	0.3325	0	0	0	0.0124	0	1
1004	PEPNR00000004216	0.3459	0	0	1	0	0.3423	0	0	0	0.0036	0	1
1005	PEPNR00000004218	0.3736	0	0	1	0	0.3934	0	0	0	-0.0198	0	1
1006	PEPNR00000004259	0.3655	0	0	1	0	0.3648	1	5	1	0.0007	-1	0
1007	PEPNR00000004268	0.1285	1	5	1	1	0.1478	1	5	1	-0.0193	0	1
1008	PEPNR00000004302	0.2932	1	5	1	1	0.3014	1	8	1	-0.0082	0	1
1009	PEPNR00000004303	0.401	0	0	1	0	0.4026	1	9	1	-0.0016	-1	0
1010	PEPNR00000004348	0.3639	0	0	1	0	0.3635	0	0	0	0.0004	0	1
1011	PEPNR00000004457	0.1552	1	7	1	1	0.1754	1	5	1	-0.0202	0	1
1012	PEPNR00000004583	0.1166	1	10	1	1	0.1245	2	11	1	-0.0079	0	1
1013	PEPNR00000004637	0.3007	1	9	1	1	0.2946	1	5	1	0.0061	0	1
1014	PEPNR00000004660	0.3098	1	9	1	1	0.3012	1	5	1	0.0086	0	1
1015	PEPNR00000004931	0.3942	0	0	1	0	0.3946	0	0	0	-0.0004	0	1
1016	PEPNR00000005043	0.1263	2	13	1	1	0.1279	0	0	0	-0.0016	1	1
1017	PEPNR00000005056	0.3744	0	0	1	0	0.3764	1	8	1	-0.002	-1	0
1018	PEPNR00000005127	0.3183	0	0	1	0	0.3258	1	7	1	-0.0075	-1	0
1019	PEPNR00000005247	0.3424	0	0	1	0	0.3557	1	5	1	-0.0133	-1	0
1020	PEPNR00000005249	0.4076	0	0	1	0	0.4121	1	6	1	-0.0045	-1	0
1021	PEPNR00000005337	0.3347	1	10	1	1	0.3222	0	0	0	0.0125	1	1
1022	PEPNR00000005367	0.3686	0	0	1	0	0.3868	0	0	0	-0.0182	0	1
1023	PEPNR00000005409	0.3683	0	0	1	0	0.3651	2	12	1	0.0032	-1	0
1024	PEPNR00000005548	0.3802	0	0	1	0	0.3828	1	5	1	-0.0026	-1	0
1025	PEPNR00000005602	0.3798	0	0	1	0	0.3733	0	0	0	0.0065	0	1
1026	PEPNR00000005607	0.1068	2	23	1	1	0.1657	1	7	1	-0.0589	0	1
1027	PEPNR00000005619	0.1775	2	15	1	1	0.1752	0	0	0	0.0023	1	1
1028	PEPNR00000005828	0.3424	0	0	1	0	0.37	0	0	0	-0.0276	0	1
1029	PEPNR00000006125	0.3377	0	0	1	0	0.3346	0	0	0	0.0031	0	1
1030	PEPNR00000006227	0.3465	0	0	1	0	0.3502	0	0	0	-0.0037	0	1
1031	PEPNR00000006634	0.356	0	0	1	0	0.3467	0	0	0	0.0093	0	1
1032	PEPNR00000006745	0.1648	1	13	1	1	0.1644	1	7	1	0.0004	0	1
1033	PEPNR00000006969	0.0636	2	12	1	1	0.0772	2	15	1	-0.0136	0	1
1034	PEPNR00000006985	0.2324	1	5	1	1	0.2398	1	6	1	-0.0074	0	1
1035	PEPNR00000007758	0.0669	1	6	1	1	0.0959	1	14	1	-0.029	0	1
1036	PEPNR00000007812	0.3136	1	10	1	1	0.3193	0	0	0	-0.0057	1	1
1037	PEPNR00000008293	0.3113	0	0	1	0	0.342	0	0	0	-0.0307	0	1
1038	PEPNR00000009295	0.0661	2	11	1	1	0.0866	2	27	1	-0.0205	0	1
1039	PEPNR00000009308	0.3922	0	0	1	0	0.4234	1	5	1	-0.0312	-1	0
1040	PEPNR00000009362	0.2515	1	12	1	1	0.2599	0	0	0	-0.0084	1	1
1041	PEPNR00000009947	0.2108	1	7	1	1	0.1931	1	6	1	0.0177	0	1
1042	PEPNR00000011070	0.4875	0	0	1	0	0.4896	1	5	1	-0.0021	-1	0
1043	PEPNR00000011375	0.6055	1	9	1	1	0.6349	0	0	0	-0.0294	1	1
1044	PEPNR00000012151	0.1211	2	16	1	1	0.1337	1	8	1	-0.0126	0	1
1045	PEPNR00000014476	0.0797	1	9	1	1	0.0804	2	18	1	-0.0007	0	1
1046	PEPNR00000014875	0.3646	0	0	1	0	0.3568	1	5	1	0.0078	-1	0
1047	PEPNR00000015037	0.3326	0	0	1	0	0.3584	0	0	0	-0.0258	0	1
1048	PEPNR00000015653	0.1818	1	13	1	1	0.1529	0	0	0	0.0289	1	1
1049	PEPNR00000016460	0.3609	0	0	1	0	0.3602	0	0	0	0.0007	0	1
1050	PEPNR00000017103	0.373	0	0	1	0	0.3987	1	5	1	-0.0257	-1	0
1051	PEPNR00000018493	0.5688	0	0	1	0	0.5757	0	0	0	-0.0069	0	1
1052	PEPNR00000021984	0.0288	2	21	1	1	0.0296	2	14	1	-0.0008	0	1
1053	PEPNR00000022356	0.3749	0	0	1	0	0.389	1	5	1	-0.0141	-1	0
1054	PEPNR00000023830	0.3628	2	14	1	1	0.3666	1	6	1	-0.0038	0	1
1055	PEPNR00000025479	0.1395	2	15	1	1	0.1088	0	0	0	0.0307	1	1
1056	PEPNR00000041157	0.5075	0	0	1	0	0.5171	0	0	0	-0.0096	0	1
1057	PEPNR00000045031	0.1472	1	17	1	1	0.156	1	8	1	-0.0088	0	1
1058	PEPNR00000052516	0.0791	2	13	1	1	0.0866	1	9	1	-0.0075	0	1
1059	PEPNR00000059723	0.2589	1	12	1	1	0.2569	1	5	1	0.002	0	1
1060	PEPNR00000078909	0.5442	0	0	1	0	0.5363	1	6	1	0.0079	-1	0
1061	PEPNR00001749275	0.1485	0	0	1	0	0.1364	0	0	0	0.0121	0	1
