	V1
1	PEPNR00000000002
2	PEPNR00000000003
3	PEPNR00000000004
4	PEPNR00000000005
5	PEPNR00000000006
6	PEPNR00000000007
7	PEPNR00000000008
8	PEPNR00000000009
9	PEPNR00000000010
10	PEPNR00000000011
11	PEPNR00000000012
12	PEPNR00000000013
13	PEPNR00000000014
14	PEPNR00000000015
15	PEPNR00000000016
16	PEPNR00000000017
17	PEPNR00000000018
18	PEPNR00000000019
19	PEPNR00000000020
20	PEPNR00000000021
21	PEPNR00000000022
22	PEPNR00000000023
23	PEPNR00000000024
24	PEPNR00000000025
25	PEPNR00000000026
26	PEPNR00000000027
27	PEPNR00000000028
28	PEPNR00000000029
29	PEPNR00000000030
30	PEPNR00000000031
31	PEPNR00000000032
32	PEPNR00000000033
33	PEPNR00000000034
34	PEPNR00000000035
35	PEPNR00000000036
36	PEPNR00000000037
37	PEPNR00000000038
38	PEPNR00000000039
39	PEPNR00000000040
40	PEPNR00000000041
41	PEPNR00000000042
42	PEPNR00000000043
43	PEPNR00000000044
44	PEPNR00000000045
45	PEPNR00000000046
46	PEPNR00000000047
47	PEPNR00000000048
48	PEPNR00000000049
49	PEPNR00000000050
50	PEPNR00000000051
51	PEPNR00000000052
52	PEPNR00000000053
53	PEPNR00000000054
54	PEPNR00000000055
55	PEPNR00000000056
56	PEPNR00000000057
57	PEPNR00000000058
58	PEPNR00000000059
59	PEPNR00000000060
60	PEPNR00000000061
61	PEPNR00000000062
62	PEPNR00000000063
63	PEPNR00000000064
64	PEPNR00000000065
65	PEPNR00000000066
66	PEPNR00000000067
67	PEPNR00000000068
68	PEPNR00000000069
69	PEPNR00000000070
70	PEPNR00000000071
71	PEPNR00000000072
72	PEPNR00000000073
73	PEPNR00000000074
74	PEPNR00000000075
75	PEPNR00000000076
76	PEPNR00000000077
77	PEPNR00000000078
78	PEPNR00000000079
79	PEPNR00000000080
80	PEPNR00000000081
81	PEPNR00000000082
82	PEPNR00000000083
83	PEPNR00000000084
84	PEPNR00000000085
85	PEPNR00000000086
86	PEPNR00000000087
87	PEPNR00000000088
88	PEPNR00000000089
89	PEPNR00000000090
90	PEPNR00000000091
91	PEPNR00000000092
92	PEPNR00000000093
93	PEPNR00000000094
94	PEPNR00000000095
95	PEPNR00000000096
96	PEPNR00000000097
97	PEPNR00000000098
98	PEPNR00000000099
99	PEPNR00000000100
100	PEPNR00000000101
101	PEPNR00000000102
102	PEPNR00000000103
103	PEPNR00000000104
104	PEPNR00000000105
105	PEPNR00000000106
106	PEPNR00000000107
107	PEPNR00000000108
108	PEPNR00000000109
109	PEPNR00000000110
110	PEPNR00000000111
111	PEPNR00000000112
112	PEPNR00000000113
113	PEPNR00000000114
114	PEPNR00000000115
115	PEPNR00000000116
116	PEPNR00000000117
117	PEPNR00000000118
118	PEPNR00000000119
119	PEPNR00000000120
120	PEPNR00000000121
121	PEPNR00000000122
122	PEPNR00000000123
123	PEPNR00000000124
124	PEPNR00000000125
125	PEPNR00000000126
126	PEPNR00000000127
127	PEPNR00000000128
128	PEPNR00000000129
129	PEPNR00000000130
130	PEPNR00000000131
131	PEPNR00000000132
132	PEPNR00000000133
133	PEPNR00000000134
134	PEPNR00000000135
135	PEPNR00000000136
136	PEPNR00000000137
137	PEPNR00000000138
138	PEPNR00000000139
139	PEPNR00000000140
140	PEPNR00000000141
141	PEPNR00000000142
142	PEPNR00000000143
143	PEPNR00000000144
144	PEPNR00000000145
145	PEPNR00000000146
146	PEPNR00000000147
147	PEPNR00000000148
148	PEPNR00000000149
149	PEPNR00000000150
150	PEPNR00000000151
151	PEPNR00000000152
152	PEPNR00000000153
153	PEPNR00000000154
154	PEPNR00000000155
155	PEPNR00000000156
156	PEPNR00000000157
157	PEPNR00000000158
158	PEPNR00000000159
159	PEPNR00000000160
160	PEPNR00000000161
161	PEPNR00000000162
162	PEPNR00000000163
163	PEPNR00000000164
164	PEPNR00000000165
165	PEPNR00000000166
166	PEPNR00000000167
167	PEPNR00000000168
168	PEPNR00000000169
169	PEPNR00000000170
170	PEPNR00000000171
171	PEPNR00000000172
172	PEPNR00000000173
173	PEPNR00000000174
174	PEPNR00000000175
175	PEPNR00000000176
176	PEPNR00000000177
177	PEPNR00000000178
178	PEPNR00000000179
179	PEPNR00000000180
180	PEPNR00000000181
181	PEPNR00000000182
182	PEPNR00000000183
183	PEPNR00000000184
184	PEPNR00000000185
185	PEPNR00000000186
186	PEPNR00000000187
187	PEPNR00000000188
188	PEPNR00000000189
189	PEPNR00000000190
190	PEPNR00000000191
191	PEPNR00000000192
192	PEPNR00000000193
193	PEPNR00000000194
194	PEPNR00000000195
195	PEPNR00000000196
196	PEPNR00000000197
197	PEPNR00000000198
198	PEPNR00000000199
199	PEPNR00000000200
200	PEPNR00000000201
201	PEPNR00000000202
202	PEPNR00000000203
203	PEPNR00000000204
204	PEPNR00000000205
205	PEPNR00000000206
206	PEPNR00000000207
207	PEPNR00000000208
208	PEPNR00000000209
209	PEPNR00000000210
210	PEPNR00000000211
211	PEPNR00000000212
212	PEPNR00000000213
213	PEPNR00000000214
214	PEPNR00000000215
215	PEPNR00000000216
216	PEPNR00000000217
217	PEPNR00000000218
218	PEPNR00000000219
219	PEPNR00000000220
220	PEPNR00000000221
221	PEPNR00000000222
222	PEPNR00000000223
223	PEPNR00000000224
224	PEPNR00000000225
225	PEPNR00000000226
226	PEPNR00000000227
227	PEPNR00000000228
228	PEPNR00000000229
229	PEPNR00000000230
230	PEPNR00000000231
231	PEPNR00000000232
232	PEPNR00000000233
233	PEPNR00000000234
234	PEPNR00000000235
235	PEPNR00000000236
236	PEPNR00000000237
237	PEPNR00000000238
238	PEPNR00000000239
239	PEPNR00000000240
240	PEPNR00000000241
241	PEPNR00000000242
242	PEPNR00000000243
243	PEPNR00000000244
244	PEPNR00000000245
245	PEPNR00000000246
246	PEPNR00000000247
247	PEPNR00000000248
248	PEPNR00000000249
249	PEPNR00000000250
250	PEPNR00000000251
251	PEPNR00000000252
252	PEPNR00000000253
253	PEPNR00000000254
254	PEPNR00000000255
255	PEPNR00000000256
256	PEPNR00000000257
257	PEPNR00000000258
258	PEPNR00000000259
259	PEPNR00000000260
260	PEPNR00000000261
261	PEPNR00000000262
262	PEPNR00000000263
263	PEPNR00000000264
264	PEPNR00000000265
265	PEPNR00000000266
266	PEPNR00000000267
267	PEPNR00000000268
268	PEPNR00000000269
269	PEPNR00000000270
270	PEPNR00000000271
271	PEPNR00000000272
272	PEPNR00000000273
273	PEPNR00000000274
274	PEPNR00000000275
275	PEPNR00000000276
276	PEPNR00000000277
277	PEPNR00000000278
278	PEPNR00000000279
279	PEPNR00000000280
280	PEPNR00000000281
281	PEPNR00000000282
282	PEPNR00000000283
283	PEPNR00000000284
284	PEPNR00000000285
285	PEPNR00000000286
286	PEPNR00000000287
287	PEPNR00000000288
288	PEPNR00000000289
289	PEPNR00000000290
290	PEPNR00000000291
291	PEPNR00000000292
292	PEPNR00000000293
293	PEPNR00000000294
294	PEPNR00000000295
295	PEPNR00000000296
296	PEPNR00000000297
297	PEPNR00000000298
298	PEPNR00000000299
299	PEPNR00000000300
300	PEPNR00000000301
301	PEPNR00000000302
302	PEPNR00000000303
303	PEPNR00000000304
304	PEPNR00000000305
305	PEPNR00000000306
306	PEPNR00000000307
307	PEPNR00000000308
308	PEPNR00000000309
309	PEPNR00000000310
310	PEPNR00000000311
311	PEPNR00000000312
312	PEPNR00000000313
313	PEPNR00000000314
314	PEPNR00000000315
315	PEPNR00000000316
316	PEPNR00000000317
317	PEPNR00000000318
318	PEPNR00000000319
319	PEPNR00000000320
320	PEPNR00000000321
321	PEPNR00000000322
322	PEPNR00000000323
323	PEPNR00000000324
324	PEPNR00000000325
325	PEPNR00000000326
326	PEPNR00000000327
327	PEPNR00000000328
328	PEPNR00000000329
329	PEPNR00000000330
330	PEPNR00000000331
331	PEPNR00000000332
332	PEPNR00000000333
333	PEPNR00000000334
334	PEPNR00000000335
335	PEPNR00000000336
336	PEPNR00000000337
337	PEPNR00000000338
338	PEPNR00000000339
339	PEPNR00000000340
340	PEPNR00000000341
341	PEPNR00000000342
342	PEPNR00000000343
343	PEPNR00000000344
344	PEPNR00000000345
345	PEPNR00000000346
346	PEPNR00000000347
347	PEPNR00000000348
348	PEPNR00000000349
349	PEPNR00000000350
350	PEPNR00000000351
351	PEPNR00000000352
352	PEPNR00000000353
353	PEPNR00000000354
354	PEPNR00000000355
355	PEPNR00000000356
356	PEPNR00000000357
357	PEPNR00000000358
358	PEPNR00000000359
359	PEPNR00000000360
360	PEPNR00000000361
361	PEPNR00000000362
362	PEPNR00000000363
363	PEPNR00000000364
364	PEPNR00000000365
365	PEPNR00000000366
366	PEPNR00000000367
367	PEPNR00000000368
368	PEPNR00000000369
369	PEPNR00000000370
370	PEPNR00000000371
371	PEPNR00000000372
372	PEPNR00000000373
373	PEPNR00000000374
374	PEPNR00000000375
375	PEPNR00000000376
376	PEPNR00000000377
377	PEPNR00000000378
378	PEPNR00000000379
379	PEPNR00000000380
380	PEPNR00000000381
381	PEPNR00000000382
382	PEPNR00000000383
383	PEPNR00000000384
384	PEPNR00000000385
385	PEPNR00000000386
386	PEPNR00000000387
387	PEPNR00000000388
388	PEPNR00000000389
389	PEPNR00000000390
390	PEPNR00000000391
391	PEPNR00000000392
392	PEPNR00000000393
393	PEPNR00000000394
394	PEPNR00000000395
395	PEPNR00000000396
396	PEPNR00000000397
397	PEPNR00000000398
398	PEPNR00000000399
399	PEPNR00000000400
400	PEPNR00000000401
401	PEPNR00000000402
402	PEPNR00000000403
403	PEPNR00000000404
404	PEPNR00000000405
405	PEPNR00000000406
406	PEPNR00000000407
407	PEPNR00000000408
408	PEPNR00000000409
409	PEPNR00000000410
410	PEPNR00000000411
411	PEPNR00000000412
412	PEPNR00000000413
413	PEPNR00000000414
414	PEPNR00000000415
415	PEPNR00000000416
416	PEPNR00000000417
417	PEPNR00000000418
418	PEPNR00000000419
419	PEPNR00000000420
420	PEPNR00000000421
421	PEPNR00000000422
422	PEPNR00000000423
423	PEPNR00000000424
424	PEPNR00000000425
425	PEPNR00000000426
426	PEPNR00000000427
427	PEPNR00000000428
428	PEPNR00000000429
429	PEPNR00000000430
430	PEPNR00000000431
431	PEPNR00000000432
432	PEPNR00000000433
433	PEPNR00000000434
434	PEPNR00000000435
435	PEPNR00000000436
436	PEPNR00000000437
437	PEPNR00000000438
438	PEPNR00000000439
439	PEPNR00000000440
440	PEPNR00000000441
441	PEPNR00000000442
442	PEPNR00000000443
443	PEPNR00000000444
444	PEPNR00000000445
445	PEPNR00000000446
446	PEPNR00000000447
447	PEPNR00000000448
448	PEPNR00000000449
449	PEPNR00000000450
450	PEPNR00000000451
451	PEPNR00000000452
452	PEPNR00000000453
453	PEPNR00000000454
454	PEPNR00000000455
455	PEPNR00000000456
456	PEPNR00000000457
457	PEPNR00000000458
458	PEPNR00000000459
459	PEPNR00000000460
460	PEPNR00000000461
461	PEPNR00000000462
462	PEPNR00000000463
463	PEPNR00000000464
464	PEPNR00000000465
465	PEPNR00000000466
466	PEPNR00000000467
467	PEPNR00000000468
468	PEPNR00000000469
469	PEPNR00000000470
470	PEPNR00000000471
471	PEPNR00000000472
472	PEPNR00000000473
473	PEPNR00000000474
474	PEPNR00000000475
475	PEPNR00000000476
476	PEPNR00000000477
477	PEPNR00000000478
478	PEPNR00000000479
479	PEPNR00000000480
480	PEPNR00000000481
481	PEPNR00000000482
482	PEPNR00000000483
483	PEPNR00000000484
484	PEPNR00000000485
485	PEPNR00000000486
486	PEPNR00000000487
487	PEPNR00000000488
488	PEPNR00000000489
489	PEPNR00000000490
490	PEPNR00000000491
491	PEPNR00000000492
492	PEPNR00000000493
493	PEPNR00000000494
494	PEPNR00000000495
495	PEPNR00000000496
496	PEPNR00000000497
497	PEPNR00000000498
498	PEPNR00000000499
499	PEPNR00000000500
500	PEPNR00000000501
501	PEPNR00000000502
502	PEPNR00000000503
503	PEPNR00000000504
504	PEPNR00000000505
505	PEPNR00000000506
506	PEPNR00000000507
507	PEPNR00000000508
508	PEPNR00000000509
509	PEPNR00000000510
510	PEPNR00000000511
511	PEPNR00000000512
512	PEPNR00000000513
513	PEPNR00000000514
514	PEPNR00000000515
515	PEPNR00000000516
516	PEPNR00000000517
517	PEPNR00000000518
518	PEPNR00000000519
519	PEPNR00000000520
520	PEPNR00000000521
521	PEPNR00000000522
522	PEPNR00000000523
523	PEPNR00000000524
524	PEPNR00000000525
525	PEPNR00000000526
526	PEPNR00000000527
527	PEPNR00000000528
528	PEPNR00000000529
529	PEPNR00000000530
530	PEPNR00000000531
531	PEPNR00000000532
532	PEPNR00000000533
533	PEPNR00000000534
534	PEPNR00000000535
535	PEPNR00000000536
536	PEPNR00000000537
537	PEPNR00000000538
538	PEPNR00000000539
539	PEPNR00000000540
540	PEPNR00000000541
541	PEPNR00000000542
542	PEPNR00000000543
543	PEPNR00000000544
544	PEPNR00000000545
545	PEPNR00000000546
546	PEPNR00000000547
547	PEPNR00000000548
548	PEPNR00000000549
549	PEPNR00000000550
550	PEPNR00000000551
551	PEPNR00000000552
552	PEPNR00000000553
553	PEPNR00000000554
554	PEPNR00000000555
555	PEPNR00000000556
556	PEPNR00000000557
557	PEPNR00000000558
558	PEPNR00000000559
559	PEPNR00000000560
560	PEPNR00000000561
561	PEPNR00000000562
562	PEPNR00000000563
563	PEPNR00000000564
564	PEPNR00000000565
565	PEPNR00000000566
566	PEPNR00000000567
567	PEPNR00000000568
568	PEPNR00000000569
569	PEPNR00000000570
570	PEPNR00000000571
571	PEPNR00000000572
572	PEPNR00000000573
573	PEPNR00000000574
574	PEPNR00000000575
575	PEPNR00000000576
576	PEPNR00000000577
577	PEPNR00000000578
578	PEPNR00000000579
579	PEPNR00000000580
580	PEPNR00000000581
581	PEPNR00000000582
582	PEPNR00000000583
583	PEPNR00000000584
584	PEPNR00000000585
585	PEPNR00000000586
586	PEPNR00000000587
587	PEPNR00000000588
588	PEPNR00000000589
589	PEPNR00000000590
590	PEPNR00000000591
591	PEPNR00000000592
592	PEPNR00000000593
593	PEPNR00000000594
594	PEPNR00000000595
595	PEPNR00000000596
596	PEPNR00000000597
597	PEPNR00000000598
598	PEPNR00000000599
599	PEPNR00000000600
600	PEPNR00000000601
601	PEPNR00000000602
602	PEPNR00000000603
603	PEPNR00000000604
604	PEPNR00000000605
605	PEPNR00000000606
606	PEPNR00000000607
607	PEPNR00000000608
608	PEPNR00000000609
609	PEPNR00000000610
610	PEPNR00000000611
611	PEPNR00000000612
612	PEPNR00000000614
613	PEPNR00000000615
614	PEPNR00000000616
615	PEPNR00000000618
616	PEPNR00000000619
617	PEPNR00000000620
618	PEPNR00000000621
619	PEPNR00000000622
620	PEPNR00000000623
621	PEPNR00000000624
622	PEPNR00000000625
623	PEPNR00000000626
624	PEPNR00000000627
625	PEPNR00000000628
626	PEPNR00000000629
627	PEPNR00000000630
628	PEPNR00000000631
629	PEPNR00000000632
630	PEPNR00000000633
631	PEPNR00000000634
632	PEPNR00000000635
633	PEPNR00000000636
634	PEPNR00000000638
635	PEPNR00000000639
636	PEPNR00000000640
637	PEPNR00000000641
638	PEPNR00000000642
639	PEPNR00000000643
640	PEPNR00000000644
641	PEPNR00000000645
642	PEPNR00000000646
643	PEPNR00000000647
644	PEPNR00000000648
645	PEPNR00000000649
646	PEPNR00000000650
647	PEPNR00000000651
648	PEPNR00000000652
649	PEPNR00000000655
650	PEPNR00000000657
651	PEPNR00000000658
652	PEPNR00000000659
653	PEPNR00000000661
654	PEPNR00000000662
655	PEPNR00000000663
656	PEPNR00000000664
657	PEPNR00000000665
658	PEPNR00000000667
659	PEPNR00000000668
660	PEPNR00000000669
661	PEPNR00000000670
662	PEPNR00000000671
663	PEPNR00000000675
664	PEPNR00000000677
665	PEPNR00000000679
666	PEPNR00000000680
667	PEPNR00000000681
668	PEPNR00000000683
669	PEPNR00000000684
670	PEPNR00000000685
671	PEPNR00000000686
672	PEPNR00000000687
673	PEPNR00000000688
674	PEPNR00000000691
675	PEPNR00000000694
676	PEPNR00000000695
677	PEPNR00000000696
678	PEPNR00000000697
679	PEPNR00000000698
680	PEPNR00000000699
681	PEPNR00000000702
682	PEPNR00000000703
683	PEPNR00000000704
684	PEPNR00000000705
685	PEPNR00000000707
686	PEPNR00000000708
687	PEPNR00000000709
688	PEPNR00000000710
689	PEPNR00000000711
690	PEPNR00000000712
691	PEPNR00000000713
692	PEPNR00000000714
693	PEPNR00000000717
694	PEPNR00000000719
695	PEPNR00000000721
696	PEPNR00000000722
697	PEPNR00000000723
698	PEPNR00000000724
699	PEPNR00000000727
700	PEPNR00000000728
701	PEPNR00000000730
702	PEPNR00000000731
703	PEPNR00000000732
704	PEPNR00000000734
705	PEPNR00000000735
706	PEPNR00000000737
707	PEPNR00000000742
708	PEPNR00000000745
709	PEPNR00000000746
710	PEPNR00000000747
711	PEPNR00000000748
712	PEPNR00000000749
713	PEPNR00000000751
714	PEPNR00000000752
715	PEPNR00000000754
716	PEPNR00000000756
717	PEPNR00000000758
718	PEPNR00000000759
719	PEPNR00000000763
720	PEPNR00000000765
721	PEPNR00000000767
722	PEPNR00000000768
723	PEPNR00000000770
724	PEPNR00000000771
725	PEPNR00000000772
726	PEPNR00000000773
727	PEPNR00000000774
728	PEPNR00000000775
729	PEPNR00000000780
730	PEPNR00000000782
731	PEPNR00000000785
732	PEPNR00000000788
733	PEPNR00000000791
734	PEPNR00000000796
735	PEPNR00000000797
736	PEPNR00000000798
737	PEPNR00000000800
738	PEPNR00000000802
739	PEPNR00000000804
740	PEPNR00000000807
741	PEPNR00000000808
742	PEPNR00000000810
743	PEPNR00000000813
744	PEPNR00000000815
745	PEPNR00000000816
746	PEPNR00000000817
747	PEPNR00000000820
748	PEPNR00000000821
749	PEPNR00000000822
750	PEPNR00000000823
751	PEPNR00000000824
752	PEPNR00000000826
753	PEPNR00000000830
754	PEPNR00000000831
755	PEPNR00000000834
756	PEPNR00000000835
757	PEPNR00000000836
758	PEPNR00000000838
759	PEPNR00000000840
760	PEPNR00000000841
761	PEPNR00000000844
762	PEPNR00000000850
763	PEPNR00000000851
764	PEPNR00000000858
765	PEPNR00000000861
766	PEPNR00000000863
767	PEPNR00000000867
768	PEPNR00000000868
769	PEPNR00000000871
770	PEPNR00000000874
771	PEPNR00000000876
772	PEPNR00000000877
773	PEPNR00000000879
774	PEPNR00000000880
775	PEPNR00000000882
776	PEPNR00000000885
777	PEPNR00000000886
778	PEPNR00000000887
779	PEPNR00000000890
780	PEPNR00000000891
781	PEPNR00000000892
782	PEPNR00000000893
783	PEPNR00000000897
784	PEPNR00000000898
785	PEPNR00000000899
786	PEPNR00000000904
787	PEPNR00000000906
788	PEPNR00000000907
789	PEPNR00000000909
790	PEPNR00000000910
791	PEPNR00000000912
792	PEPNR00000000913
793	PEPNR00000000915
794	PEPNR00000000918
795	PEPNR00000000920
796	PEPNR00000000932
797	PEPNR00000000933
798	PEPNR00000000939
799	PEPNR00000000941
800	PEPNR00000000942
801	PEPNR00000000943
802	PEPNR00000000946
803	PEPNR00000000951
804	PEPNR00000000955
805	PEPNR00000000957
806	PEPNR00000000961
807	PEPNR00000000962
808	PEPNR00000000968
809	PEPNR00000000969
810	PEPNR00000000981
811	PEPNR00000000983
812	PEPNR00000000991
813	PEPNR00000000992
814	PEPNR00000000994
815	PEPNR00000001006
816	PEPNR00000001008
817	PEPNR00000001012
818	PEPNR00000001016
819	PEPNR00000001017
820	PEPNR00000001020
821	PEPNR00000001033
822	PEPNR00000001034
823	PEPNR00000001042
824	PEPNR00000001048
825	PEPNR00000001049
826	PEPNR00000001079
827	PEPNR00000001082
828	PEPNR00000001084
829	PEPNR00000001092
830	PEPNR00000001095
831	PEPNR00000001100
832	PEPNR00000001103
833	PEPNR00000001105
834	PEPNR00000001124
835	PEPNR00000001140
836	PEPNR00000001142
837	PEPNR00000001145
838	PEPNR00000001150
839	PEPNR00000001154
840	PEPNR00000001155
841	PEPNR00000001159
842	PEPNR00000001162
843	PEPNR00000001165
844	PEPNR00000001166
845	PEPNR00000001172
846	PEPNR00000001176
847	PEPNR00000001181
848	PEPNR00000001198
849	PEPNR00000001205
850	PEPNR00000001212
851	PEPNR00000001222
852	PEPNR00000001232
853	PEPNR00000001235
854	PEPNR00000001250
855	PEPNR00000001266
856	PEPNR00000001296
857	PEPNR00000001302
858	PEPNR00000001308
859	PEPNR00000001312
860	PEPNR00000001316
861	PEPNR00000001319
862	PEPNR00000001329
863	PEPNR00000001335
864	PEPNR00000001346
865	PEPNR00000001365
866	PEPNR00000001379
867	PEPNR00000001384
868	PEPNR00000001396
869	PEPNR00000001398
870	PEPNR00000001406
871	PEPNR00000001411
872	PEPNR00000001442
873	PEPNR00000001447
874	PEPNR00000001468
875	PEPNR00000001478
876	PEPNR00000001483
877	PEPNR00000001487
878	PEPNR00000001488
879	PEPNR00000001489
880	PEPNR00000001492
881	PEPNR00000001505
882	PEPNR00000001509
883	PEPNR00000001512
884	PEPNR00000001521
885	PEPNR00000001540
886	PEPNR00000001542
887	PEPNR00000001548
888	PEPNR00000001551
889	PEPNR00000001557
890	PEPNR00000001565
891	PEPNR00000001572
892	PEPNR00000001576
893	PEPNR00000001579
894	PEPNR00000001596
895	PEPNR00000001614
896	PEPNR00000001618
897	PEPNR00000001621
898	PEPNR00000001628
899	PEPNR00000001632
900	PEPNR00000001650
901	PEPNR00000001652
902	PEPNR00000001676
903	PEPNR00000001689
904	PEPNR00000001701
905	PEPNR00000001735
906	PEPNR00000001756
907	PEPNR00000001758
908	PEPNR00000001769
909	PEPNR00000001772
910	PEPNR00000001783
911	PEPNR00000001784
912	PEPNR00000001787
913	PEPNR00000001794
914	PEPNR00000001836
915	PEPNR00000001841
916	PEPNR00000001843
917	PEPNR00000001856
918	PEPNR00000001858
919	PEPNR00000001871
920	PEPNR00000001875
921	PEPNR00000001887
922	PEPNR00000001900
923	PEPNR00000001943
924	PEPNR00000001964
925	PEPNR00000001987
926	PEPNR00000001989
927	PEPNR00000001998
928	PEPNR00000002002
929	PEPNR00000002021
930	PEPNR00000002036
931	PEPNR00000002047
932	PEPNR00000002063
933	PEPNR00000002106
934	PEPNR00000002117
935	PEPNR00000002122
936	PEPNR00000002134
937	PEPNR00000002136
938	PEPNR00000002151
939	PEPNR00000002177
940	PEPNR00000002206
941	PEPNR00000002208
942	PEPNR00000002229
943	PEPNR00000002264
944	PEPNR00000002270
945	PEPNR00000002352
946	PEPNR00000002369
947	PEPNR00000002422
948	PEPNR00000002431
949	PEPNR00000002445
950	PEPNR00000002450
951	PEPNR00000002480
952	PEPNR00000002484
953	PEPNR00000002528
954	PEPNR00000002547
955	PEPNR00000002548
956	PEPNR00000002568
957	PEPNR00000002575
958	PEPNR00000002601
959	PEPNR00000002613
960	PEPNR00000002651
961	PEPNR00000002653
962	PEPNR00000002659
963	PEPNR00000002687
964	PEPNR00000002689
965	PEPNR00000002758
966	PEPNR00000002768
967	PEPNR00000002805
968	PEPNR00000002829
969	PEPNR00000002838
970	PEPNR00000002856
971	PEPNR00000002893
972	PEPNR00000002894
973	PEPNR00000002920
974	PEPNR00000002922
975	PEPNR00000002923
976	PEPNR00000002951
977	PEPNR00000002952
978	PEPNR00000002963
979	PEPNR00000002980
980	PEPNR00000003023
981	PEPNR00000003035
982	PEPNR00000003091
983	PEPNR00000003122
984	PEPNR00000003146
985	PEPNR00000003237
986	PEPNR00000003256
987	PEPNR00000003279
988	PEPNR00000003309
989	PEPNR00000003336
990	PEPNR00000003340
991	PEPNR00000003345
992	PEPNR00000003466
993	PEPNR00000003474
994	PEPNR00000003503
995	PEPNR00000003560
996	PEPNR00000003563
997	PEPNR00000003686
998	PEPNR00000003688
999	PEPNR00000003722
1000	PEPNR00000003760
1001	PEPNR00000003792
1002	PEPNR00000004116
1003	PEPNR00000004215
1004	PEPNR00000004216
1005	PEPNR00000004218
1006	PEPNR00000004259
1007	PEPNR00000004268
1008	PEPNR00000004302
1009	PEPNR00000004303
1010	PEPNR00000004348
1011	PEPNR00000004457
1012	PEPNR00000004583
1013	PEPNR00000004637
1014	PEPNR00000004660
1015	PEPNR00000004931
1016	PEPNR00000005043
1017	PEPNR00000005056
1018	PEPNR00000005127
1019	PEPNR00000005247
1020	PEPNR00000005249
1021	PEPNR00000005337
1022	PEPNR00000005367
1023	PEPNR00000005409
1024	PEPNR00000005548
1025	PEPNR00000005602
1026	PEPNR00000005607
1027	PEPNR00000005619
1028	PEPNR00000005828
1029	PEPNR00000006125
1030	PEPNR00000006227
1031	PEPNR00000006634
1032	PEPNR00000006745
1033	PEPNR00000006969
1034	PEPNR00000006985
1035	PEPNR00000007758
1036	PEPNR00000007812
1037	PEPNR00000008293
1038	PEPNR00000009295
1039	PEPNR00000009308
1040	PEPNR00000009362
1041	PEPNR00000009947
1042	PEPNR00000011070
1043	PEPNR00000011375
1044	PEPNR00000012151
1045	PEPNR00000014476
1046	PEPNR00000014875
1047	PEPNR00000015037
1048	PEPNR00000015653
1049	PEPNR00000016460
1050	PEPNR00000017103
1051	PEPNR00000018493
1052	PEPNR00000021984
1053	PEPNR00000022356
1054	PEPNR00000023830
1055	PEPNR00000025479
1056	PEPNR00000041157
1057	PEPNR00000045031
1058	PEPNR00000052516
1059	PEPNR00000059723
1060	PEPNR00000078909
1061	PEPNR00001749275
