AA_seq,WT_fitness_repeats_1,WT_fitness_repeats_2,WT_fitness_repeats_3,WT_fitness_repeats_4,WT_fitness_repeats_5,WT_fitness_repeats_6,WT_fitness_mean,WT_fitness_residuals_repeats_1,WT_fitness_residuals_repeats_2,WT_fitness_residuals_repeats_3,WT_fitness_residuals_repeats_4,WT_fitness_residuals_repeats_5,WT_fitness_residuals_repeats_6,WT_fitness_residuals_mean,fitness_residuals_mean
MSLNFLDFEQP,-0.0127466184592315,-0.0119830464119087,-0.00651628016837295,-0.0104353783355077,-0.016515657148382,-0.0151273174570809,-0.0122207163300806,-0.00189833355790356,0.000767813332759579,0.00342251335429692,0.00172825750849451,-0.00401440029746682,-0.00359033579219132,-0.000597414242001781,-0.000584417763927239
MSWIERIKSNI,-0.0100171369165779,-0.0139878859128992,-0.0173814248418512,-0.0145216014687032,-0.00786004870365276,-0.00902447387505502,-0.0121320952864565,0.000823122522963729,-0.00124400613279768,-0.00744972240396198,-0.00236539101729712,0.0046347695781189,0.00250557845741995,-0.000515941499259035,0.000231126576136883
MSTIEERVKKI,-0.00292745012253,-0.00343999351258199,0.000200743612685848,-0.00209283737475231,-0.0050050612580309,-0.0030097776505396,-0.00271239605095816,0.00200606559973949,0.00416662900444769,0.00491340425687048,0.00459828057071351,0.00275096705137091,0.00342028270711049,0.0036426048650421,0.00256939389312956
MSVVPVADVLQ,-0.00581756127428342,-0.0042242648342374,-0.00286323529328804,-0.00445222621419269,-0.00746410837693372,-0.00407081324532209,-0.00481536820637623,-0.00384616000673306,0.000806125375292821,-0.000767820271545119,-0.000501743427974822,-0.00208448895657668,-0.000198297394538983,-0.00109873078034597,0.00110826771048551
MRTEYCGQLRL,-0.00613617338379313,-0.00929349144185539,-0.00596109011616253,-0.00676150126754381,-0.00929837438265467,-0.00734876351961898,-0.00746656568527142,-0.00407403978378834,-0.00418418883046591,-0.00378550641641596,-0.00272707026656028,-0.00384596333838688,-0.00339790769176496,-0.00366911272123039,-0.00044704240543875
MRYIVALTGGI,0.00180952690013232,-0.00162000335717997,0.00155662130721937,0.000182680644282503,-0.000381483777390849,0.00109042931318241,0.000439628505040963,0.00329631855334068,0.00298890855903053,0.00322384815084883,0.0036847884038503,0.00460934897964056,0.00454452424334217,0.00372462281500885,-0.000859776191646556
MLILTRRVGET,-0.016250451447787,-0.019705610911779,-0.0215331972069263,-0.0171396491689811,-0.0206243511884335,-0.0178868604815728,-0.0188566867342466,-0.00433406077491301,-0.00602579023783286,-0.0106506538063846,-0.00398777054231701,-0.00726618752694655,-0.00542765650200589,-0.00628201989839999,-0.000366809549746107
MLKIFNTLTRQ,-0.00685789507208403,-0.00704721240182708,-0.0071544879136751,-0.00700230730331792,-0.0106596841585189,-0.00736181232230791,-0.00768056652862183,-0.00440223922291848,-0.00159565268069203,-0.00463119841130213,-0.00260377797714035,-0.004891562906142,-0.00307118209273637,-0.00353260221515523,-0.00353747923080967
MFTGSIVAIVT,-0.00447544053128092,-0.0101284934926805,-0.0052213229917154,-0.00785653887568859,-0.0109308824380615,-0.00890919408801735,-0.00792031206957404,-0.00224523932610504,-0.00487301786842992,-0.00289723922195721,-0.00366660679771979,-0.00534363617490038,-0.0048132255756407,-0.00397316082745884,-0.00202816610333859
MQQLQNIIETA,-0.00145350972217624,-0.0045083059452423,-0.00181289454868719,-0.00484975495208716,-0.00396410928007408,-0.00537106267588119,-0.00365993952069136,0.00219611055622853,0.00198167743697405,0.00176535019716026,0.000653465277728934,0.00276189112458444,-4.9541434475036e-05,0.00155149219303353,0.000937319482757166
MSCPVIELTQQ,-0.00518870388476519,-0.00858791455743935,-0.00328041171802477,-0.00617119959056981,-0.00867534851831942,-0.00629426735309859,-0.00636630760370285,-0.00163964156660977,-0.00218538919547536,0.000208982686187503,-0.000761018534497511,-0.00203002252184255,-0.00105956971786597,-0.00124444314168394,-0.000297723175770106
MVPVVALVGRP,-0.00361654038512082,-0.00273314944951058,-0.000500496433478456,-0.00329403936452993,-0.00203926043478689,-0.000414125331508558,-0.00209960189982254,-0.00184841668436004,0.00212044467635756,0.00141530793177109,0.000468365055660487,0.00317727595010793,0.0032828769014656,0.00143597563850044,0.00157851339460132
MSEPRFVHLRV,-0.00384420044369556,-0.00240520800945762,-0.00191159315808647,-0.00426988875238638,-0.00340645346350365,-0.00152151744586352,-0.00289314354549887,-0.0022921346950829,0.00226047458053811,-0.000186691858230798,-0.000707387485549435,0.00163674659496542,0.00198893634776826,0.000449990580734776,-0.000475239873391155
MKQLTILGSTG,-0.0046691181406509,-0.00715903817665758,-0.00544548656372436,-0.00478595708357728,-0.00683233342402779,-0.00412858900466634,-0.00550342039888404,-0.00310313263085816,-0.00248124918800206,-0.00370828613276795,-0.00121057684549138,-0.00177796599012222,-0.000606116631304712,-0.00214788790309108,-0.000952328729778647
MSFDIAKYPTL,0.0113202202923191,-0.00320210661273273,-0.000120341110823584,-0.00269028826239878,-0.00198761279670833,0.00023726494038515,0.000592856075006802,0.0127602185372393,0.00136610779092287,0.00150554032064389,0.000768524863576694,0.00296567911809548,0.00365095757476789,0.00383617136754102,0.000724056859830738
MSKIVKIIGRE,-0.0142381781260918,-0.0154972136596665,-0.0111802191781044,-0.0158504262661887,-0.0133947572604151,-0.0121884258133412,-0.0137248700506346,-0.00596266117714286,-0.00498396087446553,-0.00351465505418199,-0.00606719077965509,-0.00295754915742807,-0.00287281967078078,-0.00439313945227572,8.60429262056098e-05
MSIDKSYCGFI,-0.0166993066576134,-0.0111087690375743,-0.00368601408819006,-0.0147871462010163,-0.0155205182089998,-0.0121609954742358,-0.012327124944605,-0.000916107530524204,0.00593412116624453,0.0106131385130839,0.00194241700391112,0.000939861157957543,0.00363688257494019,0.00369171881426884,-0.00147306816681467
MSDDVALPLEF,-0.00489197458932306,-0.00840052576723444,-0.00865798464372619,-0.00971883150576592,0.017324249610726,-0.00619771745347797,-0.00342379739146694,0.00380292849858487,0.00247747866312405,-0.000621862071410823,0.000452432335276783,0.0280979176864114,0.00347999445249813,0.00628148159408073,0.00119908332191678
MVDKRESYTKE,-0.00233581111966567,-0.00373534182943197,-0.00247540948379882,-0.00376248190685777,-0.00288717728324988,-0.00274268655903528,-0.0029898180303399,0.00137129379896699,0.00280463752343437,0.00115362716266353,0.00179392479786792,0.00388494119419392,0.00262846798590843,0.00227281541050586,0.00233056378347398
MKRAVITGLGI,-0.00296631650346022,-0.00463901640663488,-0.00223447229786933,-0.00594895520427743,-0.0073587835916264,-0.0055839340050869,-0.00478857966815919,0.000331567366096199,0.00154505215896954,0.00103298750351215,-0.000771171814804082,-0.000914969963125779,-0.000566108496599517,0.000109559459008085,0.00123099577990435
MTQFAFVFPGQ,-0.0208869367663789,-0.0219584918598568,-0.0188767263579476,-0.028262378185372,-0.0211103273136747,-0.0191868520525846,-0.0217136187559691,-0.0188687882223828,-0.0168874442599022,-0.0167400066849129,-0.0242686434480953,-0.0156932040611793,-0.0152739737371121,-0.0179553434022641,-0.00981175794673248
MNFEGKIALVT,-0.0226396776828395,-0.0129664644541476,-0.0175227448444907,-0.0146192342226646,-0.0207604070910957,-0.0163650346302647,-0.0174789271542505,-0.0090978914086651,0.00212700742219094,-0.00520404508089489,3.65080800008976e-05,-0.006098240963063,-0.00250243397067792,-0.00345651598685151,-0.00232902781036106
MSKIFDFVKPG,-0.00430104624299244,-0.0218761056355166,-0.00543328280878096,-0.0112512723929131,-0.00920351522016447,-0.0144620739047659,-0.0110878827008556,0.011095778722905,-0.0051692556529861,0.00852447985045591,0.00512080610743102,0.00694688861911183,0.00100220153429588,0.00458681653020226,-0.00227398544282304
MFDNLTDRLSR,-0.00439089392912795,-0.00539104403869444,-0.00274001204825855,-0.00661397362329495,-0.00465413975939614,-0.00491922999062967,-0.00478488223156695,-0.00290881508370491,-0.000786230980870807,-0.00107694931635877,-0.00311622629169598,0.000332912063952733,-0.00146920418603798,-0.00150408563245262,-0.000147945740137128
MAITGIFFGSD,-0.00673218364095305,-0.00695143333934745,-0.00372338413751339,-0.00588974138818762,-0.00870574969969891,-0.00978773557525279,-0.0069650379634922,-0.00499616551994053,-0.00212576231809355,-0.00183594740941514,-0.00215704199189522,-0.00351497058592512,-0.00611845389473538,-0.00345805695333416,-0.000975434417020578
MISLIAALAVD,-0.0129019366674504,-0.0125713127650189,-0.0105563586760822,-0.0112042822287423,-0.0104688563657674,-0.012154741330722,-0.0116429146722972,-0.0102537648721556,-0.00695231663732071,-0.00786296719927199,-0.00662763150356309,-0.00454628577908628,-0.00769788926602773,-0.00732347587623757,-0.0017365905607841
MIIKRTPQAAS,-0.0065701738833287,-0.00674108842396154,-0.00493594717704361,-0.00470229653509507,-0.00832443479948089,-0.00602356274355658,-0.0062162505937444,-0.00517988316857346,-0.00221610602470501,-0.00335398599839397,-0.00128947427373065,-0.00341102163289636,-0.00265278851177667,-0.00301720993501269,0.000275030149215263
MAAKIIDGKTI,-0.00200675738567276,-0.00513306082219146,-0.000256619513684905,-0.00136917811284183,-0.00527341090231878,-0.00139142447284196,-0.00257174186825862,4.7429463333398e-05,-3.06697184345537e-05,0.00191194264804152,0.00265790032107463,0.000172624719931773,0.00255256998295007,0.00121863290281614,0.00171088904882614
MPSLSKEAALV,-0.00424962170555772,-0.00573893060631259,-0.00277681195980227,-0.00500034803013704,-0.000314436311197977,-0.00410766061620327,-0.00369796820486848,-0.000322810418694142,0.000992133410111611,0.00104635139555846,0.000759337449493867,0.00663394549922133,0.00145319247813223,0.00176035830230389,0.00155277131477349
MIKATDRKLVV,0.00112943584216872,-0.00115889212625533,-0.00013030742526482,0.00145193686275961,-0.000469108123244225,-0.00365389151098287,-0.000471804413469818,0.004102644779558,0.00474279773235767,0.00285027823336461,0.00632932148370931,0.0057142292790178,0.00108360364498941,0.0041371458588328,0.00224348815893794
MTIKVGINGFG,-0.00856731078175374,-0.0126074754960607,-0.0130933722374437,-0.0127054460640368,-0.0159756420656002,-0.0144242208938447,-0.0128955779231233,0.000657402171684186,-0.00126868087231995,-0.004589123746133,-0.00204398659842102,-0.00477692462291843,-0.00428906133282902,-0.00271839583348954,0.00135823585053527
MKIKTRFAPSP,-0.00562221895682637,-0.0087973879132772,-0.0085129796609063,-0.00770729968022234,-0.00743526894012834,-0.00907930935618476,-0.00785907741792422,-0.000838006038850216,-0.00132061814633554,-0.00393223900729882,-0.00115432106768092,0.000200978544897584,-0.00277815980627604,-0.00163706092025733,-0.00201050762251796
MSSKEQKTPEG,-0.00316931872160284,-0.00197592519044527,-0.00222810830265624,-0.00356853938930284,0.00116871157150458,-0.000157174760239059,-0.00165505913212361,0.00335735507140187,0.00701631066311254,0.00389222447919562,0.00459661512350103,0.0102028792164465,0.0076484477961938,0.00611897205830857,0.00226668241950759
MSDLAREITPV,0.000903880023944994,-0.00163046195227731,0.000316995077576645,-0.0010637605346005,-0.000615210285662082,-0.00182341801863927,-0.000651995948276254,0.00244225666042876,0.00302331484087412,0.00202980104170436,0.00248607516425356,0.00441700743966507,0.00167521634192726,0.00267894524814219,0.00266200794828613
MTDLIQRPRRL,-0.00681892691321535,-0.00837559699685458,-0.00792020179209842,-0.00866692061636202,-0.00715653759615111,-0.00575561225836138,-0.00744896602884048,-0.00543882293813811,-0.00385947428491524,-0.0063472413459447,-0.0052635234252798,-0.00225129692225424,-0.00239363344637522,-0.00425899872715122,0.00135119726197356
MRQTKTGILLA,-0.00249717769927178,-0.00173360565194893,-0.000664653602943766,-0.000876374565119559,-0.00491312926374941,-0.00285954602013331,-0.00225741446719446,-0.000734220828676479,0.0031154947397968,0.00124658548846535,0.00288124935228144,0.000299261939950984,0.000832995075936915,0.0012735609612925,0.00139876304855015
MSKSENLYSAA,-0.00765799923510129,-0.00974306446861095,-0.00853774256511259,-0.0122612590588302,-0.00807980707388766,-0.00910592068239689,-0.00923096551398992,-0.00510748223773106,-0.00420900140114433,-0.00593063627285057,-0.00777496141647487,-0.0022355817818915,-0.00473338557973058,-0.00499850811497049,-0.00039869845679004
MSDYKSTLNLP,-0.00962033545477909,-0.0127675261095043,-0.00712491085025055,-0.00953834285463486,-0.0121699973871059,-0.0102270539910072,-0.0102413611078803,-0.000629496769093409,-0.00163213836071271,0.0011726925526163,0.000906729279956608,-0.00115890972622406,-0.000293825806354849,-0.000272491471635352,-0.00181385577247223
MAKEDNIEMQG,-0.00186672328350664,-0.00590974937552349,-0.00220709742197328,-0.00477134032719844,-0.00581769680222624,-0.00384926958626079,-0.00407031279944815,0.00182260454249688,0.000614768751564885,0.00140623185781753,0.000768618490103118,0.000940159687171174,0.00150653588750531,0.00117648653610982,0.00234961991200723
MATTHLDVCAV,-0.00425963833375048,-0.00426438201425586,-0.00140693898617385,-0.0067182664938918,-0.00354923295138478,-0.00167731585622142,-0.0036459624392797,-0.000611509991749867,0.00222430378988784,0.00216998752431083,-0.00121642664738874,0.00317557052081655,0.00364291721964847,0.00156414040258751,0.00186210962460168
MRIGHGFDVHA,-0.0060128068714652,-0.00664757914071275,-0.00426065059322223,-0.00452223613708237,-0.00654704437118578,-0.00374133134636097,-0.00528860807667155,-0.00251738004588402,-0.000291702039952266,-0.00081864708503824,0.000838319788367996,5.52515995205834e-05,0.00144705641074124,-0.000214516895374119,0.00101511358638544
MHNQAPIQRRK,-0.00574836183100013,-0.0100429230451685,-0.00451379541280437,-0.00835246750703163,-0.0117206456411726,-0.00502025994167622,-0.00756640889647558,-0.00195493908780259,-0.00342787070921647,-0.000808490630206628,-0.00271619701969773,-0.00487927715711537,0.000425423012427683,-0.00222689193193518,0.0014482215587064
MQILLANPRGF,-0.00171279771197786,-0.00063900692400435,-0.00127583769228943,-0.00128810926648946,-0.00198761279670833,-0.00232656137952146,-0.00153832096183181,-0.000317194277629411,0.00389059609341733,0.000310817664222388,0.00212962847884121,0.00293006259345307,0.00104879995279756,0.00166545175085036,-0.000388098288046585
MKQKVVSIGDI,-0.0217828503063503,-0.023189772982765,-0.0157670180333807,-0.0228625282816687,-0.0167463271360384,-0.0226253144056281,-0.0204956351909719,-0.00756780767695689,-0.00751075156063446,-0.00285344684418193,-0.00758386945551751,-0.00154402914895501,-0.00818141173380465,-0.00587355273667507,-0.00173359892031584
MSFVVIIPARY,-0.00656551784713594,-0.00424385562628655,-0.00372159458687513,-0.00651513751792661,-0.00536433096876397,-0.00296838251401629,-0.00489646984350075,-0.00450512389299873,0.000863933967305613,-0.00154754799199103,-0.0024823160883159,8.66844137335857e-05,0.000980971271360794,-0.00110056638681761,-0.00315220530583656
MANMFALILVI,-0.00259907689944624,-0.00484832084348417,-0.00296160600433214,-0.00483910248131924,-0.00636661860501668,-0.00491203265383626,-0.00442112624790579,-0.0011741278802715,-0.000293195164846102,-0.00134902166884308,-0.00139421334033082,-0.00142540019864119,-0.0015113337998176,-0.00119121534212505,-0.010615036317011
MQEQYRPEEIE,-0.0013415138333578,-0.00254317690936172,-0.000594225044161915,-0.000146021466510372,-0.00102728061733387,-0.00155394934389348,-0.00120102786910319,8.78662420015542e-05,0.00201580258055665,0.00102227445482919,0.00330296741760337,0.00391749268250233,0.00185057536614047,0.00203282979060559,0.00172170339469137
MTSSYLHFPEF,0.000837212562889617,-0.00627150077109106,-0.00104728475606887,-0.00100114555745278,-0.00372909548466784,-0.00351063938185242,-0.00245374223137389,0.0022932230230447,-0.00168936010400663,0.000592744643301168,0.0024724825396256,0.00123704251397209,-8.31215041366584e-05,0.000803835185300045,-0.00127350391118916
MKKIAITCALL,-0.0114124285753528,-0.00976661876429516,-0.00634948567944915,-0.00992756482185815,-0.00860377258634932,-0.0112317685103363,-0.00954860648960681,-0.00835609113136953,-0.00379262976004301,-0.00329544988129639,-0.00497326726881554,-0.00235374386441588,-0.00642249866143655,-0.00486561342789615,-0.00526173540016389
MNKILLQCDNL,-0.00486269577007685,-0.0086069076591529,-0.00244544530511842,-0.00531234515665312,-0.00428680890263893,-0.0029913165628052,-0.0047509198927409,-0.00345105348714762,-0.00406335521454989,-0.000844618448187302,-0.00187976779826688,0.000643733938432976,0.000397893008571184,-0.00153286133352459,-0.00110056997306509
MKKRIPTLLAT,-0.00722467583569352,-0.00621046796458695,-0.00478658421664813,-0.00715820106773315,-0.00633070388809476,-0.00577066771920361,-0.00624688344866002,-0.00515784077463218,-0.00109707636337231,-0.00260684643083993,-0.00311942013710701,-0.000874521013258961,-0.0018157525627574,-0.00244524288032796,-0.000632315936193108
MTQVAKKILVT,0.000820306624672891,-0.0023297351285942,0.000547836915763157,-0.00111007330281394,-0.00191715924232035,-0.00278170049909692,-0.00112842077206489,0.00235023896147392,0.00231669742516695,0.0022531817210744,0.00243194948233962,0.00310828389372791,0.000709642896654429,0.00219499906340621,0.000821287956227228
MAKHLFTSESV,-0.00842059014343725,-0.00610318403142614,-0.00428576083645875,-0.00639450765093358,-0.00495738493517956,-0.00660658339373641,-0.00612800183186195,-0.00486216528564211,0.000307484188441818,-0.00078809394100363,-0.000975664098624656,0.00169545232487742,-0.00136380196829518,-0.000997798130041057,0.000200727422024363
MSETAKKVIVG,-0.0104962257046846,-0.00773511251175407,-0.0101123612386572,-0.0080797881785739,-0.00911565679995468,-0.00832144098480128,-0.0089767642364043,-0.00651827927569206,-0.000959574857590679,-0.00624401623048199,-0.00227279096587727,-0.00212625091428256,-0.0027164368612402,-0.00347289151752746,0.000965802528582055
MLVWLAEHLVK,-0.00641484113257903,-0.012796890650513,-0.0133159238770448,-0.0138531046599155,-0.0108843619648597,-0.0144315096725606,-0.0119494386595788,-0.00162124914902243,-0.00531196365260279,-0.00872689613031242,-0.00729144826085243,-0.00324058995802442,-0.00812226206363983,-0.00571906820240906,-0.00299541359367684
MTDNPNKKTFW,-0.00642654782574741,-0.00694178826200595,-0.00564127102639507,-0.00750622580106585,-0.00233602669536707,-0.00289133597115244,-0.00529053259695563,-0.00448465822515095,-0.0019370651598806,-0.00357193172938419,-0.00358304807456065,0.00301991646644162,0.000955698959544628,-0.00160018129383169,0.000918644265047752
MHNDKDLSTWQ,-0.00516962392272155,-0.00850487290458071,-0.00738372021496967,-0.00809125712156573,-0.00789014254159358,-0.00579563184243761,-0.00713920809131147,-0.00319934773552562,-0.00347546120833953,-0.00528929928433212,-0.00414181529268541,-0.00251142573691733,-0.00192408740687975,-0.00342357277744663,0.000912325998071709
MIERGKFRSLT,-0.0146063676603186,-0.00946511965912296,-0.00333062166974147,-0.0122612590588302,-0.0155687156914522,-0.0110711558057237,-0.0110505399241982,-0.00895561104210882,-0.00123469303302602,0.00201577397146372,-0.00490652880293086,-0.00723726814462575,-0.00402181636836411,-0.00405669056993197,-0.000358548228365303
MSEFSQTVPEL,-0.00842631496292952,-0.0077532738606688,-0.00515748448400079,-0.00695824213168918,-0.0070882631101948,-0.00823292933614035,-0.00726941798093724,-0.00454183983752047,-0.00105903076679231,-0.00137172823593847,-0.00123772731016874,-0.000173846236629399,-0.00270863006807491,-0.00184880040918738,9.98336777125973e-06
MNTQQLAKLRS,-0.00448335856410009,-0.00683372614115933,-0.00423793676449131,-0.00366732523781461,-0.00813153568820276,-0.00520050822305666,-0.00542573176980413,-0.00105137327398189,-0.000533025886464566,-0.000851988511264443,0.00163453271856522,-0.00158013681519924,-6.68970632166062e-05,-0.00040814813859359,0.00163580059971608
MADYQGKNVVI,-0.00466322823465145,-0.00525702021591123,-0.00120167938576307,-0.00552679674916581,-0.00406869647396657,-0.00284922148495061,-0.00392777375740146,-0.00315470629674761,-0.000629208874192557,0.000484747760002931,-0.00200458349294443,0.000939569789602557,0.000623635775667732,-0.000623424223101897,-0.000722269273471965
MSGQGKRLMVM,-0.00290956815738094,-0.00498586972760733,-0.00198920874252756,-0.00394650008352404,-0.0103007825987318,-0.00418815288975142,-0.00472001369992052,-3.10125168958113e-05,0.000833497558659645,0.000907743778098919,0.000843308531366553,-0.00419338248369448,0.000467616855790359,-0.000195371379445802,0.000308181467989621
MNLLKSLAAVS,-0.00127848582782104,-0.00311017749256713,-0.00305693692897125,-0.00433993168050386,-0.00385167238239126,-0.00129142706236092,-0.00282143856243591,0.000413738549942853,0.00167740490721447,-0.0012081951887136,-0.000647751539742278,0.00130397242366705,0.00234004228875705,0.000646535240187591,5.64806650274872e-05
MTLQQQIIKAL,-0.0269599811791415,-0.0378729478581487,-0.0270254063319575,-0.0101339758595043,-0.0178648081639416,-0.0229754797057031,-0.0238054331830661,-0.0149139670425589,-0.0240803900971922,-0.016028331083257,0.00313783419706707,-0.00440265177830609,-0.010404356425705,-0.0111153103716587,-0.00151329961363876
MNNHFKCIGIV,-0.00676472321197136,-0.00859503581365135,-0.0062698208545733,-0.00935238097591572,-0.00962666923706223,-0.0103355904751798,-0.00849070342805897,-0.00287315512760336,-0.001894623778532,-0.00247779745645001,-0.00362530354076128,-0.00270656191129542,-0.00480516701491987,-0.00306376813826032,-0.00397275475420375
MNQNLLVTKRD,-0.00337152138479829,-0.00369374419723416,-0.00224547679288837,-0.00586317248401967,-0.00464857516126747,-0.00469343666428972,-0.00408598778074961,-0.000310292763909888,0.00228449879792798,0.000812880719208702,-0.000904349470667794,0.00160537759414035,0.000120056317381273,0.000601361865680104,0.00110987924754346
MAYTTFSQTKN,-0.0156909802104571,-0.010100442590418,-0.00842796552739138,-0.0128190983755135,-0.0101755903578773,-0.0130201460842671,-0.0117057038576541,-0.0134992365292603,-0.00487841453116054,-0.00613786180392201,-0.00866474832651953,-0.00461919732582244,-0.00895738251069481,-0.00779280683789661,-0.000147553073142877
MSVIKMTDLDL,-0.0123420891413323,-0.0138118339260903,-0.0119969645790153,-0.0128857709098179,-0.0143658483758176,-0.0114392737859449,-0.0128069634530031,-0.00461319834551742,-0.00377399692152694,-0.00481438479897038,-0.00360828997029615,-0.00436718080499086,-0.00259563479273982,-0.00396211427234026,-0.0014875364071304
MSHLAELVASA,-0.00652092089873561,-0.0042685893873001,-0.00196388448520547,-0.00544097111766601,-0.00782368868642112,-0.00529470315302968,-0.00521879295472633,-0.00363806851366176,0.00155451489576283,0.000936864524765856,-0.000647187028677383,-0.00171284143178446,-0.00063522351859324,-0.00069032351203136,0.00137306976893559
MKFSELWLREW,-0.00656599486762785,-0.00524662384444008,-0.00240280962369062,-0.00773353126315608,-0.00820524961972563,-0.0042045462936196,-0.00572645925204331,-0.00497856031530567,-0.000550180034313613,-0.000646657388702354,-0.0041383057419162,-0.00313367431080117,-0.00066355441949683,-0.00235182203508931,-0.00117894840246009
MFEINPVNNRI,-0.0157901045292256,-0.0170491400628004,-0.00688205584422763,-0.00581367236320225,-0.0101197180908327,-0.00997047591498654,-0.0109375278008792,-0.0113117620168762,-0.00983839418957693,-0.00257157415339774,0.000456305980224524,-0.00272886056691002,-0.00393342054093838,-0.00498795091457911,9.99073956056502e-06
MEYQHWLREAI,-0.000422435763568092,-0.00185295559717317,0.00153106269050764,-0.00215314022334558,-0.0012554268747748,-0.00084037390571637,-0.000832211612345061,0.00111954182044884,0.00280395303896218,0.00324705035619074,0.00140002717776607,0.00377967977461576,0.00266136957967426,0.00250193695794298,0.00181132819552304
MRTSQYLLSTL,-0.0054369017507972,-0.00313872707400952,-0.00229931199149078,-0.00279832066686861,-0.00392545860561668,-0.00627936585007505,-0.00397968098980964,-0.00376655816734782,0.00162982499791389,-0.000469903539669692,0.000873614721326074,0.001212631944891,-0.00266678878220961,-0.000531196470849361,-0.000640311847307876
MTTNYIFVTGG,-0.00390600554310862,-0.00617686503898565,-0.00320311496809645,-0.00183371654217672,-0.00654039923458859,-0.00370435558977808,-0.00422740948612235,6.81791940288366e-05,0.000595400968441581,0.000661906309111881,0.00396980024290177,0.000445988767035178,0.00189740061933285,0.00127311268347535,0.00148349925856427
MATNAKPVYKR,-0.00591245315344352,-0.00627719546715983,-0.00432506348656653,-0.00444379938957383,-0.00438013487918885,-0.00589984898401595,-0.00520641589332475,-0.00305737668512339,-0.000478248661873411,-0.00144885653857298,0.000324285606689226,0.00170842865330137,-0.00126435159078005,-0.000702686536059872,0.00161701074482242
MFTGIVQGTAK,-0.0032773504351886,-0.00547937121721743,-0.000984277930285912,-0.0055612651292665,-0.00489143040689843,-0.00315664026526645,-0.00389172256402055,-0.000917626806214622,-0.000111246383142163,0.00145424841145108,-0.00125149510647873,0.000799727519349828,0.00105116030781035,0.000170794657129291,0.00167640592287935
MNIIEANVATP,-0.0153408149103822,-0.0123617395340848,-0.011196239584108,-0.0188094297364405,-0.0104403476427325,-0.0117226427067861,-0.013311869019089,-0.00280415978661185,0.00185754217083093,0.000234353003485961,-0.00508366425018868,0.00341543418213108,0.00127210909290897,-0.000184730931240599,0.001885246836026
MKRMLINATQQ,-0.0106277713735725,-0.00986419932624967,-0.0141179831031955,-0.0124757650767192,-0.0114879319798086,-0.0114702354728504,-0.0116739810553993,-0.000334382430473941,0.00240405216112659,-0.00466948090443876,-0.000825535245919875,0.000568149741046915,-0.000412361260271204,-0.000544926323155044,0.00203193436916042
MSNIIKQLEQE,-0.0113294682263517,-0.0110402522331622,-0.0106731716908768,-0.0106406379359185,-0.0170739668628748,-0.0114502106373386,-0.0120346179310871,-0.0017946271159522,0.000568269367588768,-0.00189490220084663,0.000307761195208006,-0.00562644360252036,-0.00104728067906561,-0.00158120383926467,0.00178721378334479
MTESFAQLFEE,-0.00435117163032987,-0.0137122119062032,-0.00730128091912127,-0.0107284963561283,-0.0106935526362836,-0.00994549214526128,-0.00945536759888792,-0.00276757797642872,-0.00901910863093906,-0.00554852239991691,-0.00713682454674413,-0.00562505875628066,-0.00640781657400537,-0.00608415148071914,0.000171475647238089
MATVSMRDMLK,-0.0134483153120107,-0.0137981487171976,-0.0119240810288205,-0.0125045553251035,-0.0131263542398863,-0.0149462529491817,-0.0132912845953667,-0.00660414879319366,-0.004529780718803,-0.00552322011090507,-0.00404564723171787,-0.00383747242121431,-0.0068665012902836,-0.00523446176101959,0.000589802332586954
MLIKLLTKVFG,-0.0102614421037302,-0.0154594806267941,-0.00793793040580637,-0.0109420404119219,-0.0172677869295907,-0.0119768975492646,-0.0123075963378513,-0.00617988429779014,-0.00859382931200177,-0.00397803713813729,-0.00503917891480913,-0.0101952569780028,-0.00628243344297433,-0.00671143668061924,-0.00544359576661623
MLDPNLLRNEP,-0.00102331642769744,-0.00551293414304221,-0.00214294869172117,-0.00413906129784545,-0.00247860039830416,-0.000495030300341447,-0.00263198187649198,0.000519182513657324,-0.000855572068109012,-0.000426500368547945,-0.000585411521635729,0.00255692451926305,0.00300716333463518,0.000702631068210478,0.000381677243415221
MPVITLPDGSQ,-0.00869302221288472,-0.00756312089571956,-0.00803672567740988,-0.00940637091836086,-0.00825319124810898,-0.00668223805900281,-0.00810577816858113,-0.00475175865757377,-0.000819487344437773,-0.0042007926816769,-0.0036333137761412,-0.00129321484884775,-0.00110890660829574,-0.00263457898616219,0.00179614461393676
MRSKYIVIEGL,-0.00808414271452888,-0.00814191437538402,-0.00492486603239969,-0.00515819882530907,-0.00627562871684286,-0.00473350450917158,-0.00621970919560602,-0.00474763864899732,-0.00192425676448306,-0.0016232824520762,5.53171020403493e-05,0.000199168649259712,0.000317666392135774,-0.00128717095368679,-0.00154682826516518
MGKALVIVESP,-0.00215941156224901,-0.00642680844767796,-0.00257672721794059,-0.00364317763946469,-0.00661449362756289,-0.00329439067022335,-0.00411916819418642,-0.000557482501321286,-0.00171775836526805,-0.000807768020298719,-3.45413738029998e-05,-0.00153128984187999,0.000259116031206233,-0.000731620678560801,0.000561136430231462
MAEITASLVKE,-0.00382479225949602,-0.00693193015249081,-0.00389021741231207,-0.00752543299167501,-0.00447140880993843,-0.00440750579455197,-0.00517521457007739,-0.000530585648300471,-0.000751059799493337,-0.000626006738705601,-0.0023510519094749,0.00196945467278299,0.000607144700928673,-0.000280350787043773,0.0015710684166534
MASSNLIKQLQ,-0.00988713822474427,-0.0161210264738752,-0.00951961523266896,-0.0143916027768696,-0.0186976485045,-0.00908495543734573,-0.012950331108334,0.00437587951134348,-0.000400279783625883,0.00343634548600328,0.00093144402489333,-0.00345686163667141,0.00540036983055505,0.00171448290541631,0.000136088536826406
MMQDLRLILII,-0.00584324706471932,-0.00867096447485506,-0.00495578284046947,-0.00749446336368491,-0.00807700379141783,-0.00635953289985296,-0.00690016573916659,-0.00386770556746441,-0.00363697339382293,-0.0028567096217744,-0.00354014991552972,-0.0026940627983049,-0.00248344229802631,-0.00317984059915378,-0.0104975949606203
