PEP ID	FIT EST	WEIGHT
PEPNR00000000002	1.3294343604248302	28661.60326300354
PEPNR00000000003	1.6802522250090572	22168.448163554705
PEPNR00000000004	1.5303108443135862	23367.474963748584
PEPNR00000000005	1.082405959759522	35460.27460572518
PEPNR00000000006	1.242881056459933	27514.597751555255
PEPNR00000000007	1.5312253470451982	19659.306990169956
PEPNR00000000008	1.4903366193853793	18559.323405091684
PEPNR00000000009	1.501519290325264	19726.716021521206
PEPNR00000000010	1.4452326753596991	17001.799038915116
PEPNR00000000011	1.3699419182858863	21515.175422056163
PEPNR00000000012	1.5739855086370516	17621.73925332179
PEPNR00000000013	1.4419704133652786	14733.639722584267
PEPNR00000000014	1.364151982018703	19776.166090848707
PEPNR00000000015	0.7505045677270532	19014.778180555248
PEPNR00000000016	1.499731710509014	15840.210579469463
PEPNR00000000017	1.271497951964457	16513.65165870619
PEPNR00000000018	1.4242107211607073	14493.436706818411
PEPNR00000000019	1.3171869436695318	13772.81141377921
PEPNR00000000020	1.116733374439438	15074.91621637275
PEPNR00000000021	0.9929179027420811	19270.1675422724
PEPNR00000000022	0.8411632931270316	18240.098558995654
PEPNR00000000023	1.070180517884315	18247.592910043182
PEPNR00000000024	1.6945032027606413	12824.370403682979
PEPNR00000000025	1.0035541033517807	14432.21258492806
PEPNR00000000026	1.5131509080975805	11554.939013319974
PEPNR00000000027	0.8653103918685552	16230.81520030586
PEPNR00000000028	1.4259796493704253	12357.130338219704
PEPNR00000000029	1.635148367152191	13483.056738801013
PEPNR00000000030	0.28912105532533133	13558.8345810465
PEPNR00000000031	1.566429609508204	13314.949447037347
PEPNR00000000032	1.6374612464394738	13263.371263261095
PEPNR00000000033	0.9160073223538003	15178.989603183196
PEPNR00000000034	1.3463521997281713	8839.202578378094
PEPNR00000000035	1.1257849405339617	13905.05956075056
PEPNR00000000036	1.4417577437123577	11441.367901562813
PEPNR00000000037	1.670742296400755	12609.197620282048
PEPNR00000000038	0.9978365539292713	15976.475989153689
PEPNR00000000039	1.2859398001351554	12250.321284300073
PEPNR00000000040	1.154974329798345	10881.702616789227
PEPNR00000000041	1.336786891504596	12444.193858781451
PEPNR00000000042	0.8510465322438238	10738.108878328847
PEPNR00000000043	1.0424285296658253	12117.571287816278
PEPNR00000000044	1.0111988137246148	6171.055314969413
PEPNR00000000045	0.33214633444916775	10986.198069092625
PEPNR00000000046	1.437143763833937	7623.807645370526
PEPNR00000000047	0.788316534546976	10773.192975329475
PEPNR00000000048	0.8568532694190922	12058.339033034114
PEPNR00000000049	1.068051966861207	8660.525048198848
PEPNR00000000050	0.3592866790861687	11185.187055173737
PEPNR00000000051	1.0044077581091746	8670.094187807172
PEPNR00000000052	1.0007883192067115	11321.50613124897
PEPNR00000000053	0.48528733142817987	11615.985821066835
PEPNR00000000054	1.433844434554306	9713.54297907426
PEPNR00000000055	1.5868219296582944	10019.500411785957
PEPNR00000000056	1.2001593910477517	11678.286116647521
PEPNR00000000057	0.7104664749412456	10980.812620634102
PEPNR00000000058	1.4639273885252273	7821.739132973464
PEPNR00000000059	0.16894632887965488	11925.536415020064
PEPNR00000000060	0.44645601338432955	9337.80395343313
PEPNR00000000061	0.1584911464837666	17076.133600832873
PEPNR00000000062	1.5462290618421866	7613.4674539741445
PEPNR00000000063	0.8424772462921111	6782.190379799554
PEPNR00000000064	1.5163179984410995	7679.197303298724
PEPNR00000000065	0.20237556426119302	8946.152120316234
PEPNR00000000066	1.5068711735840772	7071.669539371735
PEPNR00000000067	1.465773653878101	7362.702114203511
PEPNR00000000068	1.529771889961705	7576.248609416198
PEPNR00000000069	0.6629632303445371	9083.226120846266
PEPNR00000000070	0.24329685307540402	9494.861415536518
PEPNR00000000071	1.485778960291599	7806.98419265361
PEPNR00000000072	0.822906954207505	10837.386382821107
PEPNR00000000073	0.7942848968668632	8945.622878524908
PEPNR00000000074	1.4094808897820175	8949.24063764363
PEPNR00000000075	1.4142901127296323	8295.090562517564
PEPNR00000000076	0.2938993488150133	7840.151187532367
PEPNR00000000077	0.21856915923300094	8366.632056626895
PEPNR00000000078	0.21002135238135314	7561.59546696952
PEPNR00000000079	0.5633539147400906	7000.625745623777
PEPNR00000000080	0.9418763809145118	8787.702465643773
PEPNR00000000081	0.9881788569101241	7441.089755451547
PEPNR00000000082	1.5647741029428293	6778.160389706498
PEPNR00000000083	0.9423843922747824	8174.017842146336
PEPNR00000000084	0.8908735393716981	6335.384219683963
PEPNR00000000085	0.337169616464914	7219.768931325153
PEPNR00000000086	1.7259067661591396	6226.032683262294
PEPNR00000000087	0.5596882643454673	8617.70311025099
PEPNR00000000088	0.901896812967356	11505.128786506486
PEPNR00000000089	1.4290036336604488	7871.855483916059
PEPNR00000000090	0.7998261870907535	7696.362987684508
PEPNR00000000091	1.2377179224231916	7783.329102496016
PEPNR00000000092	0.40514090626687915	6059.820707350843
PEPNR00000000093	0.7925714541099759	8506.842866779438
PEPNR00000000094	0.6463515405519596	9383.263080547556
PEPNR00000000095	0.8753698349455658	6514.921041565773
PEPNR00000000096	0.30641181938614637	8758.681287759377
PEPNR00000000097	1.031218886979353	9952.88521861723
PEPNR00000000098	0.8652423854446093	7890.550825471425
PEPNR00000000099	0.39828319478280316	6816.715347318155
PEPNR00000000100	0.9146995489980148	4903.728030106112
PEPNR00000000101	0.49988558648637366	14459.531159258666
PEPNR00000000102	1.7360751486473571	6102.744895710513
PEPNR00000000103	0.44581153530039347	7544.945895237179
PEPNR00000000104	1.613616230940537	5775.2221193483165
PEPNR00000000105	1.2740114801868814	7850.7749035262705
PEPNR00000000106	0.13451032988809136	11383.196005119997
PEPNR00000000107	1.0258344467667753	7037.3646466673445
PEPNR00000000108	1.5625072135908706	7078.004825036373
PEPNR00000000109	1.448529337685291	6353.391581427451
PEPNR00000000110	1.625261194955906	6173.758482674155
PEPNR00000000111	0.18947439397715896	8319.979995873466
PEPNR00000000112	1.6580448521107551	5937.862274659946
PEPNR00000000113	0.21984620668577104	7488.736092338775
PEPNR00000000114	1.385817428119129	5356.628658393765
PEPNR00000000115	1.1073900598717583	6244.256780273503
PEPNR00000000116	0.69210277409634	4852.563652870322
PEPNR00000000117	0.8329959974830925	5591.777185527472
PEPNR00000000118	0.23933595025091853	5991.668631725251
PEPNR00000000119	0.21924997935807558	6281.264082884834
PEPNR00000000120	0.9476329098368917	6829.596198781441
PEPNR00000000121	0.6161368067620364	5442.283797596645
PEPNR00000000122	0.8219324513275138	7971.870414052448
PEPNR00000000123	0.44178977182805773	5194.881852822459
PEPNR00000000124	0.1522274786257601	7999.561304834962
PEPNR00000000125	0.8064311270050116	8639.67850261034
PEPNR00000000126	1.4095700715248394	5183.446177617642
PEPNR00000000127	0.9778879094682448	5718.550270338548
PEPNR00000000128	0.9743009992651167	5264.924493313909
PEPNR00000000129	0.9690307309725712	5056.703992540451
PEPNR00000000130	0.6034791965424755	7250.811357973724
PEPNR00000000131	1.2383548292802775	3889.2819591384014
PEPNR00000000132	1.0706728908401308	4757.647691166542
PEPNR00000000133	1.368718369424574	7445.822136246827
PEPNR00000000134	0.2730003270035161	5242.0170268782
PEPNR00000000135	0.43349507682771465	5787.346649308378
PEPNR00000000136	0.8544136267008521	6424.76762509957
PEPNR00000000137	0.27876482309198236	7914.968807131292
PEPNR00000000138	0.16963984984615735	7319.086589089724
PEPNR00000000139	0.2703939336297521	4082.3862954759325
PEPNR00000000140	0.7077401879417893	6598.224165151689
PEPNR00000000141	0.3015950719577996	5434.06148547506
PEPNR00000000142	0.23363006400184191	6213.619640454614
PEPNR00000000143	0.5472521509135347	8035.173307109486
PEPNR00000000144	1.0658470257969779	5114.396542005345
PEPNR00000000145	1.1504681014194804	4470.965331101332
PEPNR00000000146	0.29911543089020803	7314.098981462418
PEPNR00000000147	0.1824911204328076	6791.145505944472
PEPNR00000000148	0.3567205411965004	5494.069535727095
PEPNR00000000149	0.36483496407985416	5998.339249636954
PEPNR00000000150	0.18211209126644856	7646.447753157326
PEPNR00000000151	0.9297744946321691	6519.343183942361
PEPNR00000000152	0.49206882862260753	5042.101191088316
PEPNR00000000153	0.4189987530813141	5046.770304648011
PEPNR00000000154	1.2972762040475896	4576.103796821453
PEPNR00000000155	1.4720886164647828	5214.038258945073
PEPNR00000000156	0.3446671206820356	4940.9280747400435
PEPNR00000000157	0.9066642285208832	6877.644332119761
PEPNR00000000158	0.18796350682088894	7088.655096368049
PEPNR00000000159	0.13756919009255367	7436.246086267195
PEPNR00000000160	1.27446430013766	5044.705918423437
PEPNR00000000161	0.7366614818576156	6741.433555217592
PEPNR00000000162	0.18391936511393003	7020.011458114367
PEPNR00000000163	0.42469730114368204	6054.967623365137
PEPNR00000000164	0.2589904296593635	6534.661362252264
PEPNR00000000165	0.468797760202511	5399.032894993987
PEPNR00000000166	0.5675243684416394	6144.906734470274
PEPNR00000000167	1.4359068017858057	4719.464542333497
PEPNR00000000168	1.4588300043381903	6154.811339796489
PEPNR00000000169	0.23136429497557626	6307.680090835732
PEPNR00000000170	1.4793890937875325	3909.1450189740976
PEPNR00000000171	1.6417293920560632	4127.487358968818
PEPNR00000000172	0.19264957745298505	7207.774196639833
PEPNR00000000173	0.19547507131632597	5999.138268737153
PEPNR00000000174	0.27862471828474356	3926.532974826314
PEPNR00000000175	0.6880538522565219	4926.298218837658
PEPNR00000000176	0.25647953572662113	4681.208925136058
PEPNR00000000177	0.747951885412807	6219.4357409381555
PEPNR00000000178	0.15063400424031126	6148.749590963103
PEPNR00000000179	1.6802813874360825	4220.975256196793
PEPNR00000000180	0.5443340744001861	5314.3848204147425
PEPNR00000000181	0.3172142228579141	5130.2756155215775
PEPNR00000000182	0.5519038456380225	2830.112691264644
PEPNR00000000183	0.6397841433427844	5703.881728412753
PEPNR00000000184	0.6148232656195142	5511.767331219533
PEPNR00000000185	1.0182270247634333	6017.504478858616
PEPNR00000000186	1.1485479166255657	4810.944813282357
PEPNR00000000187	1.171846643688306	5181.889033097924
PEPNR00000000188	1.0724634875625152	5525.865052818783
PEPNR00000000189	0.23007686867391447	6078.981631797199
PEPNR00000000190	0.2141930592969996	6673.717668896275
PEPNR00000000191	0.4974195737112958	3995.9136516732124
PEPNR00000000192	0.9710683472337082	4799.122067325683
PEPNR00000000193	0.18188735980578905	6895.616828614481
PEPNR00000000194	0.23311236359046153	6660.294148455188
PEPNR00000000195	0.773721276646169	7583.870196357006
PEPNR00000000196	0.26329377512814056	5003.864931308538
PEPNR00000000197	1.247507740335667	4137.550601545909
PEPNR00000000198	0.30051479738243075	3928.972668363011
PEPNR00000000199	0.19247849478852314	4867.172121172653
PEPNR00000000200	0.33381872681878416	3627.9259990477676
PEPNR00000000201	0.28230145527356654	1872.1407501500842
PEPNR00000000202	1.1175642924667024	3592.108891113087
PEPNR00000000203	1.4619051403678123	4646.459609878881
PEPNR00000000204	0.2766610897455013	4911.2926499573305
PEPNR00000000205	0.19956695625005172	5766.360843311184
PEPNR00000000206	0.32469664248591074	3942.2003035967173
PEPNR00000000207	0.21314632004783224	5358.087809228557
PEPNR00000000208	0.2918441596477348	3141.66323769906
PEPNR00000000209	0.6207960624253958	4467.209362695829
PEPNR00000000210	0.1975414444836249	5058.980467747081
PEPNR00000000211	0.2486961291218192	6128.176957785996
PEPNR00000000212	0.33006526215482057	4606.542232200742
PEPNR00000000213	0.7675354787420706	4527.837087225429
PEPNR00000000214	0.3327180665206775	4119.605728767276
PEPNR00000000215	0.9702441852658011	5765.797608281637
PEPNR00000000216	1.2127996854431171	3349.2033280902538
PEPNR00000000217	0.6065983914504954	4824.339607053236
PEPNR00000000218	1.0763900910670736	4318.325038675022
PEPNR00000000219	0.9275279553481878	3820.614547657901
PEPNR00000000220	0.857730552365762	5100.084786157527
PEPNR00000000221	1.2587552035801028	3656.5747752330417
PEPNR00000000222	0.19323331212424935	6145.283510073469
PEPNR00000000223	1.0789917476851452	4815.068328463283
PEPNR00000000224	1.3973575526063386	3406.27381196948
PEPNR00000000225	0.21192859528603758	4249.912659512384
PEPNR00000000226	0.2184270795284491	4291.32430199427
PEPNR00000000227	0.23638453814547886	4684.344498939931
PEPNR00000000228	0.38825202581251395	4930.2886883727815
PEPNR00000000229	0.19612561521958766	4355.807779734946
PEPNR00000000230	0.16174237552629164	6935.661198209947
PEPNR00000000231	0.36282861676218925	4481.5454514819185
PEPNR00000000232	0.6464604627339225	3168.6910639200105
PEPNR00000000233	0.35631531399493843	3080.0296876030943
PEPNR00000000234	0.623213334274574	5374.306746493273
PEPNR00000000235	0.6512281315627457	5120.075321777607
PEPNR00000000236	0.14072570670591772	6227.924111888408
PEPNR00000000237	0.9804099622335075	5961.398742013413
PEPNR00000000238	0.3542295506883262	4323.885877167647
PEPNR00000000239	0.28525673328907025	4383.78784976276
PEPNR00000000240	1.319137917884023	4699.542078991279
PEPNR00000000241	0.18775669043266535	3482.473101894619
PEPNR00000000242	0.257793823824192	3233.5255241277937
PEPNR00000000243	0.14755451677262055	5821.226959225788
PEPNR00000000244	0.18309476111960454	3825.376860151306
PEPNR00000000245	0.9610700218410952	3128.4723603804814
PEPNR00000000246	0.23271922357458097	4673.210495427869
PEPNR00000000247	0.18779515952799528	4072.36415067475
PEPNR00000000248	0.1636798013520413	2396.232094030394
PEPNR00000000249	0.18987181418756757	4336.592363357629
PEPNR00000000250	0.3818341323658289	4344.3668575577885
PEPNR00000000251	0.4192337397063173	3151.882021398396
PEPNR00000000252	0.16082861609826016	5187.245242774452
PEPNR00000000253	0.3622236121040065	4112.03347880223
PEPNR00000000254	0.7169039198320369	3751.6507622813315
PEPNR00000000255	0.17431942909769055	5411.426333343819
PEPNR00000000256	0.593867954490567	2060.8826968311128
PEPNR00000000257	1.56033043104043	3136.6754776919397
PEPNR00000000258	0.9142869283384512	5270.103101868162
PEPNR00000000259	0.15682151551050694	4696.247413890737
PEPNR00000000260	0.18379934443770551	4890.843326818557
PEPNR00000000261	0.141651235363301	6727.702596387027
PEPNR00000000262	0.16129419978826046	4269.344007269215
PEPNR00000000263	1.34128421027154	3706.809984169482
PEPNR00000000264	0.3288268358486932	4589.753898033045
PEPNR00000000265	0.38897712309441307	2338.4923987854936
PEPNR00000000266	0.926856033425694	5145.253533089386
PEPNR00000000267	0.5711965849516937	4083.8315398649975
PEPNR00000000268	0.17902526790508122	5020.540800586381
PEPNR00000000269	0.21375476193428533	4721.565049209334
PEPNR00000000270	0.11335928769708184	7220.476690332932
PEPNR00000000271	0.18285551098496305	3664.148135268006
PEPNR00000000272	0.5056727423474149	3084.011625905349
PEPNR00000000273	0.7467025685642606	4675.758887541566
PEPNR00000000274	0.09867356571390716	6593.942651662108
PEPNR00000000275	0.4502040444225801	3612.0368248097234
PEPNR00000000276	0.6285273692510568	1894.4020969099086
PEPNR00000000277	0.29120240462610586	2868.4752404706887
PEPNR00000000278	0.6885019133587064	4524.487013598216
PEPNR00000000279	0.19815725603925183	4438.737780393206
PEPNR00000000280	0.17497115190972462	3748.03472723724
PEPNR00000000281	1.3307865340351628	2685.184257288409
PEPNR00000000282	0.12508291690566814	7197.93320014382
PEPNR00000000283	0.1503716510861596	5287.125074683712
PEPNR00000000284	0.5232040781165128	2133.032489452643
PEPNR00000000285	0.15487829707726566	4327.917118091967
PEPNR00000000286	0.24848801562087264	3217.5678317651727
PEPNR00000000287	0.3515761062853981	2909.591255981243
PEPNR00000000288	0.37211129909457225	1988.0723304857943
PEPNR00000000289	0.15447135031428055	4650.229604394941
PEPNR00000000290	1.0316629450501262	3026.8309098332893
PEPNR00000000291	1.8129989821545482	1316.8768929592102
PEPNR00000000292	0.15495580868258418	4558.126506550247
PEPNR00000000293	0.17997093205139536	4366.078785253558
PEPNR00000000294	0.2822267084984374	3243.9258881768333
PEPNR00000000295	0.15917565907489734	5252.662488423882
PEPNR00000000296	0.1870841835170411	3954.8958917208206
PEPNR00000000297	0.7736800866234834	3991.936661515867
PEPNR00000000298	0.18385585652323921	3873.172679234868
PEPNR00000000299	0.6014317497616846	4026.0567122545754
PEPNR00000000300	0.25228130345333877	3281.0948749321637
PEPNR00000000301	0.2296593143449801	4731.126746487541
PEPNR00000000302	0.19306069388188826	3889.2176839704593
PEPNR00000000303	0.599326033131659	4510.876875272415
PEPNR00000000304	0.19494477851873687	3741.094515826899
PEPNR00000000305	0.30599017779007787	5788.188778793443
PEPNR00000000306	1.2164540032600282	3941.126363022166
PEPNR00000000307	0.28287146032730065	3837.0988633974894
PEPNR00000000308	0.8387961338384439	3522.3224897839855
PEPNR00000000309	0.39173131747009954	3934.482543489262
PEPNR00000000310	0.26322494804000296	3431.458485457143
PEPNR00000000311	0.21010673375083735	2277.8506427278976
PEPNR00000000312	0.8397859113104251	3800.491734688124
PEPNR00000000313	0.6568941711777824	2881.4120393741705
PEPNR00000000314	0.46770910203394656	4164.614645732516
PEPNR00000000315	0.6642534769436856	3112.0089782900486
PEPNR00000000316	0.38126490122173357	3098.9206503319233
PEPNR00000000317	0.7276286579745127	2871.0070051379216
PEPNR00000000318	0.2737807259176597	3954.8867703602355
PEPNR00000000319	0.1310446264537394	6348.003549474253
PEPNR00000000320	0.18460929860804642	4123.554764116192
PEPNR00000000321	0.9307092117549737	2474.304184153455
PEPNR00000000322	0.5796891404466206	2904.432754445809
PEPNR00000000323	0.181657032943252	2734.7784205591083
PEPNR00000000324	0.5837117394502765	2772.682462443192
PEPNR00000000325	0.37592966941243267	3062.2992721599103
PEPNR00000000326	0.6075886941607096	2103.5407744203126
PEPNR00000000327	0.8207976350899464	3005.5351981970466
PEPNR00000000328	0.8359938088559608	2917.6090214788874
PEPNR00000000329	0.24817071122246506	3331.2310983700827
PEPNR00000000330	0.364896906134317	2124.8340303613945
PEPNR00000000331	0.11586948723399229	7298.235198972314
PEPNR00000000332	0.2361898538971804	2748.6328460997097
PEPNR00000000333	0.3089526243848881	791.9200784431129
PEPNR00000000334	0.5272457865019373	2176.503070115078
PEPNR00000000335	0.7601907281029623	2660.624440133366
PEPNR00000000336	0.1685835397105976	3794.767969504519
PEPNR00000000337	0.39313723114581534	3555.309544688237
PEPNR00000000338	0.3145453649976715	3650.6925032174845
PEPNR00000000339	0.4168350184278188	3381.6992321860753
PEPNR00000000340	0.21835995191891017	3418.8567713575535
PEPNR00000000341	0.2536482855225174	2897.393995258056
PEPNR00000000342	1.3107295613789949	1497.4290408921916
PEPNR00000000343	0.5862791364347065	3884.554000148616
PEPNR00000000344	0.6274976370001225	2917.931504462217
PEPNR00000000345	0.2536477462225233	2836.1594004711924
PEPNR00000000346	0.17888061684434295	3988.975896174834
PEPNR00000000347	0.1100579911005742	6381.974877310477
PEPNR00000000348	0.18412339188803178	3064.4500061712743
PEPNR00000000349	0.9658490785377292	3044.0289527778314
PEPNR00000000350	0.5209815205791939	1961.890234597551
PEPNR00000000351	1.2748131664944393	2949.2059299314583
PEPNR00000000352	0.1198779436640047	5913.910599678555
PEPNR00000000353	0.2761838807508593	2828.1952576548338
PEPNR00000000354	0.5650009969576171	2681.6945183277567
PEPNR00000000355	0.1268672192187705	6195.625084191137
PEPNR00000000356	0.17369246796498844	4003.4640931739414
PEPNR00000000357	0.1549113856854123	4323.60874084364
PEPNR00000000358	0.26173877369965487	3170.5327835111784
PEPNR00000000359	0.2793260005266193	2257.5350846747356
PEPNR00000000360	0.1752703740385601	2471.0321183187207
PEPNR00000000361	0.23011055480090864	3064.9554863325175
PEPNR00000000362	0.3797147127718488	2451.639847151824
PEPNR00000000363	0.16288737882718105	3527.8374334962277
PEPNR00000000364	1.019511337320085	3557.4034295490897
PEPNR00000000365	0.17057264783884557	3946.8184096154
PEPNR00000000366	0.5902673847969143	2291.1457909079454
PEPNR00000000367	0.7014061561629977	2784.082818157081
PEPNR00000000368	1.26013308315196	2173.1974057762536
PEPNR00000000369	0.16125868783533961	3554.1923464153424
PEPNR00000000370	0.16339533539907128	4306.4651931028575
PEPNR00000000371	0.1869082190075383	3801.1595798137305
PEPNR00000000372	0.29983496447064795	2391.415096158894
PEPNR00000000373	0.1877353705214815	1821.7384402244281
PEPNR00000000374	0.20957868966499035	2824.706329982994
PEPNR00000000375	0.1829421072667071	3590.915769821414
PEPNR00000000376	0.23219438549731877	3377.191361261199
PEPNR00000000377	0.4411395612062124	2798.1258003910493
PEPNR00000000378	0.2494022416615804	2877.28271249924
PEPNR00000000379	1.481560302991008	1742.839534879653
PEPNR00000000380	0.23560341618199757	2838.154577446654
PEPNR00000000381	0.20262891222742557	3191.769923386011
PEPNR00000000382	0.19389994830636734	3873.255132896007
PEPNR00000000383	0.3380147948337338	3137.8856260398816
PEPNR00000000384	1.2152231007378271	2367.476478522054
PEPNR00000000385	0.20030527833630368	2474.351776917628
PEPNR00000000386	0.8567309640935911	3644.2704179401812
PEPNR00000000387	1.412236432927337	1656.1003114651949
PEPNR00000000388	0.19627293167621312	1707.8825606647472
PEPNR00000000389	0.15725454777405068	2852.430847729573
PEPNR00000000390	0.19165051242560213	3218.8892950398604
PEPNR00000000391	0.15920021083974784	2958.8968701911463
PEPNR00000000392	0.15786910121863443	2941.985378778775
PEPNR00000000393	0.33086846456340874	2740.4510957157445
PEPNR00000000394	0.4812186909099257	2642.087153128489
PEPNR00000000395	0.37880765456243387	2541.1875111938016
PEPNR00000000396	0.742731970743091	2485.284275613317
PEPNR00000000397	0.41004760004134644	2679.5085745638407
PEPNR00000000398	0.19770254995084616	2431.8351519250273
PEPNR00000000399	0.2274785871375844	2403.577525712736
PEPNR00000000400	0.17609784588163924	2622.5363233591943
PEPNR00000000401	0.432226352455456	2999.10035045349
PEPNR00000000402	0.1804335144340232	2899.6442008022386
PEPNR00000000403	0.09590797157483526	5968.941452903714
PEPNR00000000404	1.6677005104344282	2186.150420814879
PEPNR00000000405	0.25830179370384937	1790.8384649113464
PEPNR00000000406	0.15382416710656716	3488.1880202369093
PEPNR00000000407	0.27244515268706426	1940.9662455746166
PEPNR00000000408	0.9997068740795301	3207.2996936357013
PEPNR00000000409	0.14896004416503358	3278.6556918119554
PEPNR00000000410	0.13262974372927622	2761.8906586302
PEPNR00000000411	0.39452604265915486	2398.611125234541
PEPNR00000000412	1.0886458411117814	1989.9322859952804
PEPNR00000000413	0.4285440194242045	1907.2507241061137
PEPNR00000000414	0.3112404112089755	1653.8147104872714
PEPNR00000000415	0.18564803893458667	2854.1267547015323
PEPNR00000000416	0.25446731272795375	1507.0455086160248
PEPNR00000000417	0.1653171609376953	2964.581416196844
PEPNR00000000418	0.8061196887171527	1966.2381885783673
PEPNR00000000419	0.10464175467322646	4535.957003233191
PEPNR00000000420	0.26825054729376613	2033.318455573703
PEPNR00000000421	0.47820454872778134	2188.9668199296
PEPNR00000000422	0.5701461190153227	928.7484069654895
PEPNR00000000423	0.1514114425212823	3789.694514576272
PEPNR00000000424	0.11419981781441693	5078.418276013125
PEPNR00000000425	0.14747864242210698	3062.6554128596717
PEPNR00000000426	0.19420582476853815	2616.990182105217
PEPNR00000000427	0.38092372777563177	1578.0589838618314
PEPNR00000000428	0.15445022621355123	2771.9718428285355
PEPNR00000000429	0.20237239617956387	1678.3205056262177
PEPNR00000000430	0.4474481865901332	2408.0465640613293
PEPNR00000000431	0.2073645706667683	2070.079677864201
PEPNR00000000432	0.14884807174557416	3175.5865824932966
PEPNR00000000433	0.7882695347938073	1599.1524283343983
PEPNR00000000434	0.31511157712451493	1963.2458317787323
PEPNR00000000435	0.6116092155094669	1681.6645483748953
PEPNR00000000436	1.4702877744015679	1560.084461050558
PEPNR00000000437	1.1524813200473605	2306.365667676923
PEPNR00000000438	0.9227550127567861	2101.4692871378747
PEPNR00000000439	0.2010998467668021	2155.2014168921296
PEPNR00000000440	0.30537479029506587	1907.1104502121418
PEPNR00000000441	0.19921466716626943	1801.0269808260189
PEPNR00000000442	0.21410448649928152	2243.463035466623
PEPNR00000000443	0.15657273855180015	3791.079245751946
PEPNR00000000444	0.3738697389880294	2026.793924474217
PEPNR00000000445	0.4444439491667141	1560.9164769306187
PEPNR00000000446	1.4205207682713945	1376.1225394483984
PEPNR00000000447	0.20149741610672375	2015.6237551910858
PEPNR00000000448	0.24185066895800145	2248.577256922135
PEPNR00000000449	0.3720699947107952	1891.7296689115713
PEPNR00000000450	0.2098198581778602	3687.0251738486736
PEPNR00000000451	0.2481611604176812	1610.2003367246666
PEPNR00000000452	0.2057628100090664	2114.950324628876
PEPNR00000000453	0.4051258662649581	2679.683600344102
PEPNR00000000454	0.15520677823245665	2606.4826451972153
PEPNR00000000455	0.3625588607369172	1902.5561658925922
PEPNR00000000456	0.12624438905851593	3596.450019992919
PEPNR00000000457	0.175789169614336	1912.469067107978
PEPNR00000000458	0.2361262487327247	2115.6450715402743
PEPNR00000000459	0.14339495541228905	2811.427938396706
PEPNR00000000460	0.16453251655746923	2687.984533294664
PEPNR00000000461	0.31495622556682595	1627.8033279378574
PEPNR00000000462	0.16118504217679633	2257.034273599295
PEPNR00000000463	0.3260805773805272	1873.567154526157
PEPNR00000000464	0.20444643755075445	2193.654048896852
PEPNR00000000465	0.19263108476293217	1437.5556395196854
PEPNR00000000466	0.13937896178563342	3070.072599720278
PEPNR00000000467	0.1309437440706185	2962.6751101466657
PEPNR00000000468	0.4123385586414075	1965.9627432946213
PEPNR00000000469	0.21316802334210574	2478.0259333672893
PEPNR00000000470	0.3005674221465605	1715.141738819822
PEPNR00000000471	0.22890855895955542	2226.9174058438343
PEPNR00000000472	1.255330818462305	937.7692887953305
PEPNR00000000473	0.8237709741648657	1141.2794129674962
PEPNR00000000474	0.1504922142135566	2211.4239534572935
PEPNR00000000475	0.881643418078911	1581.5446896396695
PEPNR00000000476	0.16056343264718836	2796.0036102965955
PEPNR00000000477	1.0048518264038824	1757.5137357960407
PEPNR00000000478	0.19946564542355322	2586.601377569863
PEPNR00000000479	0.8003713053024949	1634.4161728975714
PEPNR00000000480	0.16156912025739575	2439.582472472654
PEPNR00000000481	0.09781726021003277	3304.7318858603794
PEPNR00000000482	0.17769223959891717	3031.5329988468475
PEPNR00000000483	0.17199726898705253	2967.9090916666923
PEPNR00000000484	0.6936679118133483	1705.3696413628995
PEPNR00000000485	0.521162266061537	1820.9438132814798
PEPNR00000000486	0.334217212591496	1254.3835809114776
PEPNR00000000487	0.2106542604939868	1750.8572926789652
PEPNR00000000488	0.6719830903041751	1628.8153976394874
PEPNR00000000489	0.357337650656547	1807.6305438012985
PEPNR00000000490	0.19844232468884251	1914.8565003914646
PEPNR00000000491	0.2984322726208429	2144.3235102698945
PEPNR00000000492	0.6301336326782541	1834.8118478059646
PEPNR00000000493	0.18516282472015824	2237.9291413984156
PEPNR00000000494	0.1856632857264208	2159.645380966919
PEPNR00000000495	0.14835543398656337	2649.4261420559214
PEPNR00000000496	0.0974756414046452	2217.0582646485204
PEPNR00000000497	0.2173825374928245	1763.2884648940499
PEPNR00000000498	0.1680039809777805	2479.408086120314
PEPNR00000000499	0.3184001495138817	1135.8357720579081
PEPNR00000000500	1.4777289760989334	1437.1511695686618
PEPNR00000000501	0.23043301673930036	1307.6056774350297
PEPNR00000000502	0.26660450546210906	1649.3746946271767
PEPNR00000000503	0.20290821297446107	2742.5592801851994
PEPNR00000000504	0.29207048371723465	1084.5419649470566
PEPNR00000000505	0.1339706442695614	2898.855578997023
PEPNR00000000506	0.15164174249318974	2536.3923180043603
PEPNR00000000507	0.12485924417325653	3164.866932873273
PEPNR00000000508	0.21126283393263182	1444.4712459816085
PEPNR00000000509	0.15780773928894853	1575.5811319943207
PEPNR00000000510	0.39048455054199904	1179.32703738324
PEPNR00000000511	0.15109569846732152	2760.156465251667
PEPNR00000000512	0.14653534994560682	2112.1642341070406
PEPNR00000000513	0.15383209490173444	1960.0144311038116
PEPNR00000000514	0.38820045759630567	1302.6069448303415
PEPNR00000000515	0.16023359406937676	2326.36091936995
PEPNR00000000516	0.1538421160633574	2707.91060277614
PEPNR00000000517	0.3124518503935969	1127.589536927712
PEPNR00000000518	0.6653576093199628	1025.9395691171771
PEPNR00000000519	0.23680097066382927	1144.0563495134347
PEPNR00000000520	0.2090514535875216	1864.3080965044082
PEPNR00000000521	0.5760667355371092	969.0494579017626
PEPNR00000000522	0.23231101227040316	1531.4338306417849
PEPNR00000000523	0.2714071543604861	1033.475876241125
PEPNR00000000524	0.34108440600433537	1040.9168765505985
PEPNR00000000525	1.7255863837271435	941.8594934767937
PEPNR00000000526	0.10597014564022027	2555.429556941279
PEPNR00000000527	0.20391791085939417	1910.1589015904167
PEPNR00000000528	0.1949179542956419	1112.9411657019045
PEPNR00000000529	0.1828104936822359	1615.927728939214
PEPNR00000000530	0.14097603914816742	1256.2428487194295
PEPNR00000000531	0.32401092732993503	1976.9741072723828
PEPNR00000000532	0.24275704948986868	1210.2597670703894
PEPNR00000000533	0.2297292501061151	1486.2121802100576
PEPNR00000000534	0.2510862366446108	1223.7728206843906
PEPNR00000000535	0.3754275558056523	1325.1588788901433
PEPNR00000000536	0.19810667310244143	1318.0484205417627
PEPNR00000000537	0.7046077204612793	1516.0473820122756
PEPNR00000000538	1.1666375307166064	834.8491733761306
PEPNR00000000539	0.3298209722479081	1348.655211168801
PEPNR00000000540	0.30825885207906084	1084.374563978557
PEPNR00000000541	0.6466234693400201	785.5472648825837
PEPNR00000000542	0.19878438847585303	1308.2628462076343
PEPNR00000000543	0.35047104902152904	1087.7462302899257
PEPNR00000000544	0.1994860724901339	1287.9172507128674
PEPNR00000000545	1.5349681017206331	978.8324550347127
PEPNR00000000546	0.12546926935073008	1940.030448102403
PEPNR00000000547	0.7066415815822087	1205.2624977579774
PEPNR00000000548	0.6277935430937037	1184.1834138440347
PEPNR00000000549	0.3172128399647607	967.8120349775461
PEPNR00000000550	0.2676178643365665	1275.075641753773
PEPNR00000000551	0.10563727014700545	2314.8965936051786
PEPNR00000000552	0.2331414970726726	1287.256941409761
PEPNR00000000553	0.14343458315381183	2755.959756361111
PEPNR00000000554	0.21715615762687165	1642.7870937244966
PEPNR00000000555	0.08390745680767127	1792.3761611218613
PEPNR00000000556	0.18133080070508284	825.7182922297512
PEPNR00000000557	1.5400710492689533	511.78740365870306
PEPNR00000000558	0.21498857469969634	1366.3492748357532
PEPNR00000000559	0.14935074086855038	1428.9058935763803
PEPNR00000000560	0.17599001164424158	1299.6677118871373
PEPNR00000000561	0.3172078217697156	913.1772495913061
PEPNR00000000562	0.19945523785152472	1016.9581609514587
PEPNR00000000563	1.6512205164492915	554.6806593945537
PEPNR00000000564	0.20762562178033683	1180.1049192503312
PEPNR00000000565	0.29916020435626595	896.1730395168654
PEPNR00000000566	0.14487798021755618	1347.421899134687
PEPNR00000000567	0.15878937403920246	1599.424437857478
PEPNR00000000568	0.16375368727714165	970.5563679029059
PEPNR00000000569	0.1304567093822032	1704.5645285155992
PEPNR00000000570	0.2104593250179191	1181.2103224260052
PEPNR00000000571	0.37903407197293204	743.719778767755
PEPNR00000000572	0.15905329045625213	1001.7071396803153
PEPNR00000000573	0.2885520782520598	924.0188129955098
PEPNR00000000574	1.4209844505174285	381.4998265813256
PEPNR00000000575	0.3133647717525726	547.6931339681786
PEPNR00000000576	0.10975150408665957	1636.5700674550956
PEPNR00000000577	0.14006304530870628	1364.8845185326802
PEPNR00000000578	0.14739595215826462	1465.9098044429095
PEPNR00000000579	1.6028821041182861	508.5818111710696
PEPNR00000000580	0.15682654561867568	1499.5082306050122
PEPNR00000000581	0.38716056401346566	684.1035994351219
PEPNR00000000582	0.17599246058211868	873.1557732754143
PEPNR00000000583	0.1881413942949395	1179.4723069614058
PEPNR00000000584	0.17445832655875776	1093.258652803103
PEPNR00000000585	0.08199498460950501	1362.5405284367098
PEPNR00000000586	0.17903021197838204	764.8181773861786
PEPNR00000000587	0.8928692373436767	646.5347203865972
PEPNR00000000588	0.0918576889977865	2027.9978742266487
PEPNR00000000589	0.10989310005291872	1319.0518941576474
PEPNR00000000590	0.5285181894277496	504.1433290863264
PEPNR00000000591	0.21013327687982253	922.9246352879767
PEPNR00000000592	0.3513197811813826	448.87512329520024
PEPNR00000000593	0.3104240145245652	563.0526385749879
PEPNR00000000594	0.21994278170245987	529.0183710805588
PEPNR00000000595	0.2066133157745161	627.3187251453724
PEPNR00000000596	0.16602602183493306	1134.0640156210793
PEPNR00000000597	0.20136069556146788	486.6683442086073
PEPNR00000000598	0.1272196515592201	1289.548457009547
PEPNR00000000599	0.22661018214687625	596.9797839580726
PEPNR00000000600	5.328493503649257	67.91597714804678
PEPNR00000000601	0.19279451021497604	698.9851444631485
PEPNR00000000602	0.16793283724734162	676.3957460409144
PEPNR00000000603	0.3863854769895315	281.56648872955435
PEPNR00000000604	0.1557217857942749	832.9644042804349
PEPNR00000000605	4.155276061958372	87.9364547023507
PEPNR00000000606	0.2638334292715404	490.4330130145936
PEPNR00000000607	0.10592802556510013	816.790794007661
PEPNR00000000608	1.3114936956888403	190.3801790144867
PEPNR00000000609	0.22346759948806016	617.3197385751034
PEPNR00000000610	0.17856691616016804	664.1119263092138
PEPNR00000000611	1.0801462825049146	208.27749613330474
PEPNR00000000612	5.595551261901414	37.215876523166386
PEPNR00000000614	0.5909853923290262	259.3882829224521
PEPNR00000000615	0.37297464781229656	311.91252351539305
PEPNR00000000616	3.7104370645446187	79.90469882537737
PEPNR00000000618	0.19531719862865152	479.3498790588598
PEPNR00000000619	4.2186242710929305	53.13699384486031
PEPNR00000000620	1.4941751662129301	111.38400293964642
PEPNR00000000621	3.958969570327702	49.223292612352836
PEPNR00000000622	2.6317325132660763	102.19530442343158
PEPNR00000000623	1.389274948244368	132.0852989686772
PEPNR00000000624	0.12766801935654262	354.74143387396924
PEPNR00000000625	1.3109047582663984	182.80324473110218
PEPNR00000000626	1.2817367860656004	180.67666778942834
PEPNR00000000627	3.7439020232883062	70.16855171977387
PEPNR00000000628	0.04939034754219282	1362.0423664926466
PEPNR00000000629	0.1917094621826433	170.18942072945816
PEPNR00000000630	3.8991591831724493	49.834843528703246
PEPNR00000000631	3.814385115809687	42.06877425234873
PEPNR00000000632	4.282845234880251	32.371998296446925
PEPNR00000000633	1.5451294948635044	122.82203542813438
PEPNR00000000634	0.07458971526918388	817.9184126702194
PEPNR00000000635	1.0826151778983069	162.66407352644615
PEPNR00000000636	1.4606010306599058	142.52446457449616
PEPNR00000000638	4.015765748064898	36.151823662824874
PEPNR00000000639	3.907208812476584	34.45753992675412
PEPNR00000000640	1.481927499642579	127.9178199155816
PEPNR00000000641	1.7294511392805438	102.63134139426481
PEPNR00000000642	1.3012567205880978	84.92415966169128
PEPNR00000000643	1.145117755326175	191.4898360710919
PEPNR00000000644	3.5941044783010505	65.38691130121698
PEPNR00000000645	0.48754460963076257	91.58314903955491
PEPNR00000000646	5.159292724142552	18.809339272290092
PEPNR00000000647	0.1686460808952187	204.73714540296947
PEPNR00000000648	3.9409706134986036	47.021744180538604
PEPNR00000000649	1.649901873827142	112.04052061570596
PEPNR00000000650	1.076314033704503	109.74247209779264
PEPNR00000000651	4.405119012080783	36.14127218864481
PEPNR00000000652	1.2775018209811562	84.57838190596578
PEPNR00000000655	4.68335495677994	22.107243663235298
PEPNR00000000657	0.9150854647512199	124.58829260472092
PEPNR00000000658	1.4451932578572837	240.0342175305941
PEPNR00000000659	2.655630479336715	50.06334843589528
PEPNR00000000661	0.19072595901478867	220.1835564273951
PEPNR00000000662	1.1807922295201312	88.56255658666252
PEPNR00000000663	2.960792629936718	45.512170152717275
PEPNR00000000664	3.7409883638726265	48.48402146232
PEPNR00000000665	0.9817836149224254	114.67551124705126
PEPNR00000000667	1.371333239547533	84.63587683720432
PEPNR00000000668	1.0021836111840348	81.72115338511787
PEPNR00000000669	1.4118204584233462	93.46961321730876
PEPNR00000000670	5.439746653889551	10.427796059007633
PEPNR00000000671	1.4698877241587882	74.16705475550967
PEPNR00000000675	3.663921350762759	35.12331282102089
PEPNR00000000677	3.5381366017180222	41.67587713238575
PEPNR00000000679	3.7004053057309063	37.476339074341446
PEPNR00000000680	3.4428997979592846	48.72388579647597
PEPNR00000000681	7.478770506616353	8.451734234280499
PEPNR00000000683	3.8448081377969783	35.44100183957432
PEPNR00000000684	3.5367925519223524	36.27638985226924
PEPNR00000000685	0.6248577983213035	148.18328604310182
PEPNR00000000686	2.5338181215661306	65.55796276746852
PEPNR00000000687	1.0598181378030256	102.65455421833701
PEPNR00000000688	4.441360388010097	18.100872122029156
PEPNR00000000691	2.7302389595637897	46.46325358294706
PEPNR00000000694	1.2826652905728158	216.49670288664367
PEPNR00000000695	1.2436289138997052	83.6438935473701
PEPNR00000000696	1.383775561194693	97.15883525116863
PEPNR00000000697	1.3323633969316762	75.3584469245376
PEPNR00000000698	4.355159252205844	13.884592486544353
PEPNR00000000699	4.931270171949917	21.43321503680199
PEPNR00000000702	1.0212870595408576	81.67968399225964
PEPNR00000000703	3.757941496928316	38.46880211213891
PEPNR00000000704	1.3233491910550166	64.14952667835226
PEPNR00000000705	1.375376893123039	53.81134957060807
PEPNR00000000707	0.1926269041213966	233.87617586177782
PEPNR00000000708	1.1064493724742046	57.6872777542519
PEPNR00000000709	3.3789046266343528	34.53850871927405
PEPNR00000000710	3.177448836768857	45.38144724104667
PEPNR00000000711	3.4621159507412878	40.243799713669645
PEPNR00000000712	1.787876210838661	44.049725197924985
PEPNR00000000713	1.5713218391788093	57.82624192279228
PEPNR00000000714	0.1874020546433379	134.86477509859438
PEPNR00000000717	4.878859402067675	13.977281131922828
PEPNR00000000719	3.0132008964094728	40.28512043595097
PEPNR00000000721	4.463357100792871	16.324376976684924
PEPNR00000000722	2.429955117797333	57.16516998620567
PEPNR00000000723	2.428177546940573	25.215859492329166
PEPNR00000000724	2.4701147175242464	59.91320095099259
PEPNR00000000727	2.0507410893872122	37.884327973006855
PEPNR00000000728	4.0049619526751705	32.884315888276504
PEPNR00000000730	1.439733438279375	69.85049205556437
PEPNR00000000731	2.97717143326046	33.58736240717762
PEPNR00000000732	1.5887217322586524	48.99773365105285
PEPNR00000000734	2.1376854355946295	50.423167805215435
PEPNR00000000735	3.259435842139534	46.718749640637576
PEPNR00000000737	1.60023821953646	44.251228339730304
PEPNR00000000742	1.161860294976777	83.06434820336654
PEPNR00000000745	6.91159882971852	10.69928636729275
PEPNR00000000746	7.794037634918385	5.953843268529929
PEPNR00000000747	2.429149694027304	42.867180125961255
PEPNR00000000748	1.0536499773796737	146.76040842460895
PEPNR00000000749	1.1157221115547509	89.82289808358665
PEPNR00000000751	1.1347347020263039	76.03346431129611
PEPNR00000000752	2.6248151972818006	37.10990883832895
PEPNR00000000754	4.307392496665896	31.059753546082298
PEPNR00000000756	3.996304288758789	28.50970800601256
PEPNR00000000758	1.6511338589183564	50.7054400830379
PEPNR00000000759	1.8870266229767256	59.097281387676226
PEPNR00000000763	1.8673600203327037	109.64936493458639
PEPNR00000000765	1.4318986338457305	72.79216774940734
PEPNR00000000767	0.14464340586103527	110.21704319084336
PEPNR00000000768	0.15601752754930454	145.56472173608796
PEPNR00000000770	3.2709860596770906	33.96634984970964
PEPNR00000000771	2.800999502482537	33.84347146431633
PEPNR00000000772	1.1501348912910228	78.38293354350749
PEPNR00000000773	3.8525997666685927	29.76514512580274
PEPNR00000000774	3.1626608522134165	46.54888984024237
PEPNR00000000775	1.0896010084131633	49.375691460413776
PEPNR00000000780	1.298874022625703	93.2118955442324
PEPNR00000000782	1.3492939974838474	96.69750686648348
PEPNR00000000785	1.3937173269204481	55.86350908142858
PEPNR00000000788	3.4733307605930053	41.543153766293166
PEPNR00000000791	1.4543517949199576	47.316703141936316
PEPNR00000000796	3.338221543483985	29.682489456721797
PEPNR00000000797	3.732964505916383	33.956111036095436
PEPNR00000000798	3.4206107591709425	37.520056104109806
PEPNR00000000800	1.4147663109534299	51.61081840233549
PEPNR00000000802	1.6873477939259616	60.36505507306315
PEPNR00000000804	3.6728241589675212	28.19420020398409
PEPNR00000000807	1.036029271560855	70.69905219059063
PEPNR00000000808	2.2461570424963195	50.88159516762618
PEPNR00000000810	2.792207208298576	31.788128770247422
PEPNR00000000813	0.673151707163855	105.90944960192897
PEPNR00000000815	1.588954857374887	49.005878458597316
PEPNR00000000816	2.102246833652656	28.780836246370026
PEPNR00000000817	4.437866458853568	29.605503744848768
PEPNR00000000820	3.567346021060523	21.50090996333533
PEPNR00000000821	3.5033799665264476	32.518391251836306
PEPNR00000000822	0.7602159413489231	91.32847037646536
PEPNR00000000823	1.067467245201727	107.89056540851914
PEPNR00000000824	4.215704661367572	30.186932700934072
PEPNR00000000826	2.6237056933725658	43.28573370688032
PEPNR00000000830	1.6814795614535378	51.18735000431573
PEPNR00000000831	1.8403325717770802	41.19214890855277
PEPNR00000000834	4.70465084123861	31.274567680154625
PEPNR00000000835	4.050453237045781	26.932303969972523
PEPNR00000000836	3.347914213640019	36.16935562165575
PEPNR00000000838	2.5727931332941867	52.98421703455555
PEPNR00000000840	3.428334333416052	31.66025017679836
PEPNR00000000841	0.9983817322089882	107.93294475739653
PEPNR00000000844	1.9500059235322467	100.79805086216201
PEPNR00000000850	1.3505511412336548	100.17330186692809
PEPNR00000000851	2.6995457455691643	29.355457699077732
PEPNR00000000858	1.6482221121443008	40.597309039950616
PEPNR00000000861	1.14795583022067	128.57760260869804
PEPNR00000000863	1.7569801575170387	61.4241744666281
PEPNR00000000867	3.970739669413759	29.922766043861934
PEPNR00000000868	1.2454588038585437	62.31617876460568
PEPNR00000000871	2.277383718680562	49.33303208416544
PEPNR00000000874	2.525307232082928	51.31767851026693
PEPNR00000000876	4.193439048625476	16.779709151355224
PEPNR00000000877	1.4311508575425829	62.19603253533998
PEPNR00000000879	5.274875433632765	12.069216625016285
PEPNR00000000880	1.0565645602513127	80.59246412581197
PEPNR00000000882	1.010548376417103	79.16745566972729
PEPNR00000000885	1.3912885173290621	50.03005121404385
PEPNR00000000886	2.6775905039643235	32.913079809723456
PEPNR00000000887	2.944218029653785	31.163280228809988
PEPNR00000000890	2.636629494146709	36.891021267484135
PEPNR00000000891	2.5245938539166555	37.733792605846304
PEPNR00000000892	2.792207208298576	31.788128770247422
PEPNR00000000893	1.3596680115777433	66.6647351331756
PEPNR00000000897	1.4537815560924876	57.95557712897821
PEPNR00000000898	1.5898035555755015	45.86088583330541
PEPNR00000000899	2.0824465929716203	52.85743007227195
PEPNR00000000904	3.152197581629332	28.22298529509122
PEPNR00000000906	3.946698264346529	22.480723860819296
PEPNR00000000907	2.7158628314658624	38.368733041090486
PEPNR00000000909	2.5800208160123335	39.92672929978826
PEPNR00000000910	0.6672456363910232	115.1667833026207
PEPNR00000000912	5.948485127758477	10.319556355901275
PEPNR00000000913	1.222265093321226	43.36925415179281
PEPNR00000000915	1.4914327857832856	43.12518947170451
PEPNR00000000918	3.148381779831691	29.313865363030324
PEPNR00000000920	1.1542009395475081	67.13011796027092
PEPNR00000000932	2.977487562907164	32.86614932823429
PEPNR00000000933	0.9675736879204062	93.66933165839552
PEPNR00000000939	1.912313622762938	31.375516515942948
PEPNR00000000941	3.839636639198078	27.87700642142991
PEPNR00000000942	0.16670746087344118	128.33517331280868
PEPNR00000000943	1.228099045334265	55.40230103490261
PEPNR00000000946	3.7810159904551957	27.11508559246269
PEPNR00000000951	1.2470210983369323	64.6140985386227
PEPNR00000000955	4.517112217867972	11.858393349659403
PEPNR00000000957	5.009549855220368	12.159130174127188
PEPNR00000000961	3.9027673085123236	12.263649649479444
PEPNR00000000962	3.991412654695835	13.786796305265153
PEPNR00000000968	4.656403062873056	7.597095200149079
PEPNR00000000969	3.6957397206112623	36.61703029826911
PEPNR00000000981	3.4171247724236524	25.588045106751196
PEPNR00000000983	1.6412926672094272	41.67274861078852
PEPNR00000000991	1.947605156089904	45.31002645482858
PEPNR00000000992	1.7461256220698567	37.36502215200989
PEPNR00000000994	1.3937173269204481	55.86350908142858
PEPNR00000001006	6.095816444601569	10.11714769334512
PEPNR00000001008	1.0940553098705168	73.16847173846064
PEPNR00000001012	0.7867957664115011	162.6803541331281
PEPNR00000001016	3.6353186967820075	15.884807006166769
PEPNR00000001017	1.5268830698405826	62.014508610470685
PEPNR00000001020	4.914046281236606	12.26053684770435
PEPNR00000001033	2.7230359288648374	29.6130199673065
PEPNR00000001034	0.6092732325079114	92.68304639006723
PEPNR00000001042	2.4075720885574565	34.75654781996701
PEPNR00000001048	3.9058222185787	13.69519264036383
PEPNR00000001049	0.993543894641403	50.73555125959014
PEPNR00000001079	2.7549780411310434	26.52603449718641
PEPNR00000001082	2.007844701082339	64.43295509025313
PEPNR00000001084	3.216118359661316	35.24148180054125
PEPNR00000001092	4.338477061502361	23.421915470305454
PEPNR00000001095	2.0650453854751003	31.238430640741434
PEPNR00000001100	0.5672555459761995	83.45372689514741
PEPNR00000001103	4.09646947741618	20.118158784403175
PEPNR00000001105	2.511474186581666	33.60012586220428
PEPNR00000001124	1.471394399117526	33.734436673851675
PEPNR00000001140	0.9806720639187229	71.35550867194044
PEPNR00000001142	1.5836846014042598	38.176220393316946
PEPNR00000001145	1.7813583804589792	23.306620572518106
PEPNR00000001150	1.5188001065345909	46.90845561896259
PEPNR00000001154	1.2155477803102304	61.21929256417984
PEPNR00000001155	1.1236521564927062	57.29693964508235
PEPNR00000001159	1.5612653290505498	50.66941925019189
PEPNR00000001162	1.585025595741557	40.31267303107214
PEPNR00000001165	0.5500520512888467	70.26073732412286
PEPNR00000001166	1.2309993443424847	111.59336755441497
PEPNR00000001172	3.897720852278014	35.166219489384886
PEPNR00000001176	1.9810343138416915	36.00690556685051
PEPNR00000001181	1.9623757016316095	27.63930124372981
PEPNR00000001198	1.8070046462463363	26.371998818717657
PEPNR00000001205	4.198578718932902	35.96911676712859
PEPNR00000001212	1.6358853474338382	40.68924147806145
PEPNR00000001222	2.658269528446491	40.25601207842535
PEPNR00000001232	1.9389229111452466	36.48733928507123
PEPNR00000001235	1.8944431423188688	78.18283309116853
PEPNR00000001250	4.926665257799042	11.296303146297006
PEPNR00000001266	1.3453771479751546	56.085153904103954
PEPNR00000001296	1.6472134682510515	39.28941940129148
PEPNR00000001302	6.162209027974496	4.956012890609471
PEPNR00000001308	3.8524944297027335	13.603652940129567
PEPNR00000001312	4.725944204509626	11.464940718274084
PEPNR00000001316	2.8647067577133245	29.134573848587717
PEPNR00000001319	5.240518408844956	11.632542347140992
PEPNR00000001329	1.6254749393665298	48.94436104147278
PEPNR00000001335	3.5651194715317653	26.284625872784364
PEPNR00000001346	1.8104966640900166	30.580471293770692
PEPNR00000001365	1.4139484372325422	29.19945621123181
PEPNR00000001379	2.8879786568711556	12.870948856790287
PEPNR00000001384	1.2298708366466544	89.32979703917957
PEPNR00000001396	1.692156425793757	39.23208572745558
PEPNR00000001398	1.0073258919687411	58.30722837140983
PEPNR00000001406	4.265858127463416	15.760311449217047
PEPNR00000001411	2.1399929356086984	26.618071793162688
PEPNR00000001442	1.8327229945564134	23.76815565785507
PEPNR00000001447	3.743094205185197	12.942948114247365
PEPNR00000001468	0.9287662478243838	51.115362084891416
PEPNR00000001478	2.9311235261851487	23.638727944672464
PEPNR00000001483	1.5635560621242772	44.201328996057526
PEPNR00000001487	5.37635634075504	5.929748423701365
PEPNR00000001488	3.0520669611137796	24.63394437053418
PEPNR00000001489	0.789090365151625	43.91253516439595
PEPNR00000001492	1.1621663729746086	100.41993898188488
PEPNR00000001505	3.849023172546701	27.442836882937733
PEPNR00000001509	2.95272303233359	16.098978900154012
PEPNR00000001512	1.4261631534659858	42.73505846719196
PEPNR00000001521	4.593791025896617	10.484073708003136
PEPNR00000001540	10.287362980539747	2.7592416294062287
PEPNR00000001542	0.21184579492867392	106.33705274459952
PEPNR00000001548	4.4076985223815415	11.974351714739548
PEPNR00000001551	2.1457849867490144	22.15806497286563
PEPNR00000001557	3.6843751677612757	32.08542242190684
PEPNR00000001565	2.9270593662338382	29.991643982228602
PEPNR00000001572	0.7728905933279635	75.00595122333121
PEPNR00000001576	3.249607610380798	27.94691160236893
PEPNR00000001579	0.7577993097948917	57.75147823018385
PEPNR00000001596	0.9105777185762899	58.691364766949505
PEPNR00000001614	3.6532109773232664	35.89221660895987
PEPNR00000001618	2.1268483677465055	27.447812185391424
PEPNR00000001621	2.4216053015164665	22.74386358159163
PEPNR00000001628	1.858402801427723	61.55796874975924
PEPNR00000001632	2.940947681998429	26.34406272494373
PEPNR00000001650	4.125149189083711	14.150098946666517
PEPNR00000001652	2.7161821948214766	23.532702760096942
PEPNR00000001676	3.971187612646437	11.521600460439537
PEPNR00000001689	1.2488566923991515	90.22058246029653
PEPNR00000001701	3.3449400906723383	25.361220585414554
PEPNR00000001735	1.6188904171992864	85.43495381569605
PEPNR00000001756	1.1289563425673999	43.789670358472435
PEPNR00000001758	2.955142449947533	23.97854049359131
PEPNR00000001769	2.6471478673252022	25.75723257127843
PEPNR00000001772	1.8705875814985145	57.98071405595646
PEPNR00000001783	3.8524944297027335	13.603652940129567
PEPNR00000001784	5.105584077265677	10.217430476221406
PEPNR00000001787	1.455259052592557	40.5186755093288
PEPNR00000001794	4.188288416249661	12.221023069054795
PEPNR00000001836	3.3309876244654038	29.24503995167445
PEPNR00000001841	1.9541282206535056	30.964019723917975
PEPNR00000001843	1.3733754631288184	54.45853153073925
PEPNR00000001856	2.0725315584946467	22.58146786080988
PEPNR00000001858	1.7502731689269089	25.653771808235646
PEPNR00000001871	3.302638507180923	25.89144495905608
PEPNR00000001875	3.8537435094768946	11.636180192838152
PEPNR00000001887	4.793746965682694	10.869067067930956
PEPNR00000001900	7.070009603042013	3.604832734738639
PEPNR00000001943	3.4154508279560893	15.283855366685348
PEPNR00000001964	1.2574429343642197	25.34764575773398
PEPNR00000001987	3.1989189916563934	15.234535064235596
PEPNR00000001989	1.6261669474232954	38.257822492465024
PEPNR00000001998	0.17902536081473802	112.13330071430032
PEPNR00000002002	5.635949442857281	5.203357906183536
PEPNR00000002021	2.6626894169868867	22.073753336873438
PEPNR00000002036	1.1970489047438535	57.00536836606328
PEPNR00000002047	3.6353186967820075	15.884807006166769
PEPNR00000002063	3.996207244210397	87.49027975292132
PEPNR00000002106	1.5509505620608393	23.113158198631332
PEPNR00000002117	0.9739250877964523	55.33413590197834
PEPNR00000002122	9.097348932817704	3.0403071322102733
PEPNR00000002134	5.105584077265677	10.217430476221406
PEPNR00000002136	5.030658111284424	4.226280838445942
PEPNR00000002151	3.064344462700943	26.385754356628322
PEPNR00000002177	2.806032558986335	23.25399630734652
PEPNR00000002206	8.88925916574833	2.819523745877647
PEPNR00000002208	0.9287662478243838	51.115362084891416
PEPNR00000002229	5.987926234784126	5.035520408273747
PEPNR00000002264	0.6479114507595805	53.08667852117448
PEPNR00000002270	3.9502672699796566	13.462686033787485
PEPNR00000002352	3.6093451337665945	10.713083769982294
PEPNR00000002369	1.5251246922529316	34.693771071245045
PEPNR00000002422	3.182361545758604	13.611842738496568
PEPNR00000002431	7.070009603042013	3.604832734738639
PEPNR00000002445	2.4517136156258346	27.67237564234695
PEPNR00000002450	2.9483557099573927	16.35952792108435
PEPNR00000002480	3.853668058709406	13.02905354165664
PEPNR00000002484	0.6786033182300161	84.00157389693136
PEPNR00000002528	2.6021420937892636	25.086244327407577
PEPNR00000002547	1.8152081931501256	28.811887313261465
PEPNR00000002548	0.9114882255177135	67.14504973717342
PEPNR00000002568	8.342773869861247	3.225646386636268
PEPNR00000002575	2.6468008929972657	23.40697747535144
PEPNR00000002601	2.862843723126671	28.048871004062786
PEPNR00000002613	2.9242089845139096	27.06093614893699
PEPNR00000002651	1.2181300289444228	37.28371668263712
PEPNR00000002653	1.818209410697755	19.542175647215892
PEPNR00000002659	2.957274058141715	19.48807566456481
PEPNR00000002687	3.0288685265795867	26.925490609944355
PEPNR00000002689	7.860409021249306	3.0712609942227105
PEPNR00000002758	1.2470227201991155	39.342618764112174
PEPNR00000002768	2.2774725029109866	33.05620277372262
PEPNR00000002805	3.967872509878907	12.488463717547681
PEPNR00000002829	3.0511651766081886	14.891684173214223
PEPNR00000002838	3.4949630942886993	12.013669916739746
PEPNR00000002856	4.0882610662023895	12.449326554222196
PEPNR00000002893	2.661967262929899	16.629792291809053
PEPNR00000002894	7.515001980510101	3.169358558003406
PEPNR00000002920	4.949891144220739	10.551519911252921
PEPNR00000002922	3.530245468795963	33.80425316804028
PEPNR00000002923	2.333984036380064	25.530185969653992
PEPNR00000002951	6.624275354782504	4.224763280181653
PEPNR00000002952	8.547371533542186	2.8972202702458763
PEPNR00000002963	2.8247866739897587	16.001981251910657
PEPNR00000002980	1.5028340214007894	64.85899015306214
PEPNR00000003023	3.7913527184356015	33.57766261228815
PEPNR00000003035	3.296528224490797	13.43146405446099
PEPNR00000003091	3.1787592078614866	10.75512168063874
PEPNR00000003122	5.789195907504051	4.58021882989865
PEPNR00000003146	3.0288685265795867	26.925490609944355
PEPNR00000003237	1.6253446862563694	36.588156353478404
PEPNR00000003256	3.2083299032972916	28.52692216794474
PEPNR00000003279	3.7724761478470334	10.492995621627891
PEPNR00000003309	2.9311106588904337	23.475939725298893
PEPNR00000003336	2.9348114000505654	24.756240193719883
PEPNR00000003340	6.2093839747538055	4.393898909338984
PEPNR00000003345	6.812308690738688	3.6944594783925386
PEPNR00000003466	2.3636182867417377	26.189463662731
PEPNR00000003474	1.8743247096661377	29.60508510428451
PEPNR00000003503	4.781631502038335	7.525820180956985
PEPNR00000003560	4.914010753068657	5.581255792706024
PEPNR00000003563	3.1350417385743907	24.78653253269309
PEPNR00000003686	2.912236508167622	24.09238627562658
PEPNR00000003688	2.596005473988376	24.051183778841143
PEPNR00000003722	1.0283646995565299	95.75220846536904
PEPNR00000003760	2.5620500979940135	28.550612504464127
PEPNR00000003792	2.2125007321922023	15.962183776091576
PEPNR00000004116	2.3798737700742056	28.829315775461474
PEPNR00000004215	4.081064602500354	11.102942211924056
PEPNR00000004216	3.628072925672162	13.12179345596154
PEPNR00000004218	4.841940895535292	10.117063653032776
PEPNR00000004259	2.6288614542764943	22.531265864601316
PEPNR00000004268	1.180316495677065	42.20027697532886
PEPNR00000004302	2.6726201445703692	11.017701441534157
PEPNR00000004303	2.756906125626973	27.033877786394612
PEPNR00000004348	4.349016697204499	5.914321252871443
PEPNR00000004457	2.1378128529981995	20.653654492111844
PEPNR00000004583	1.4680853360693173	53.27575110934713
PEPNR00000004637	1.7630956359719832	25.494460971018405
PEPNR00000004660	0.8114186073320904	46.064547741797135
PEPNR00000004931	3.1079718896179065	12.642002125370219
PEPNR00000005043	4.089531032517957	6.662998430736898
PEPNR00000005056	3.2883936108034573	15.953634783015746
PEPNR00000005127	7.860409021249306	3.0712609942227105
PEPNR00000005247	3.2573263857523487	11.601598948026348
PEPNR00000005249	7.515001980510101	3.169358558003406
PEPNR00000005337	8.449056106483203	3.616667828634209
PEPNR00000005367	2.8035719814728295	23.26261113822067
PEPNR00000005409	4.203539515630081	10.742500426931375
PEPNR00000005548	4.233585845151346	10.334983378983104
PEPNR00000005602	2.6388143765111196	23.164624494250067
PEPNR00000005607	0.6661007840605626	36.00310359845866
PEPNR00000005619	1.6656160323866092	34.79390955235667
PEPNR00000005828	4.174915045558066	10.674264687157974
PEPNR00000006125	3.3124708120915987	12.203663961286638
PEPNR00000006227	6.292556314820808	3.8918425728142876
PEPNR00000006634	3.923982313898256	10.500858160361727
PEPNR00000006745	0.9277579834401026	23.003564854635222
PEPNR00000006969	0.8321966147561921	44.27936289633322
PEPNR00000006985	0.847093458781935	24.06620721286769
PEPNR00000007758	0.3469181072957333	55.481065173387634
PEPNR00000007812	6.292556314820808	3.8918425728142876
PEPNR00000008293	8.342773869861247	3.225646386636268
PEPNR00000009295	2.084713568176243	24.66479678689952
PEPNR00000009308	3.372746638084052	12.151984176671991
PEPNR00000009947	1.2448440628385187	40.00640282521407
PEPNR00000011070	0.2444344836678682	80.65850115365423
PEPNR00000011375	2.778140758076788	11.147508634364817
PEPNR00000014476	0.9114631204925738	24.469395458537832
PEPNR00000014875	2.839016977595254	13.06283577116879
PEPNR00000015037	6.468188900684137	3.523195128696021
PEPNR00000015653	0.8274248487763437	118.72185036094487
PEPNR00000016460	3.6339722728055044	11.940163388121748
PEPNR00000017103	8.105401554070209	3.2247371685853445
PEPNR00000018493	2.4006032091872305	29.42998212141679
PEPNR00000021984	1.7328768354572326	22.26781542368476
PEPNR00000022356	5.757627358257549	3.8293219715390374
PEPNR00000023830	0.39836967792045874	56.717663691480226
PEPNR00000045031	1.9543585008420745	19.56388530520655
PEPNR00000059723	7.0021471708251735	3.575786477198093
PEPNR00000078909	2.909636197530941	12.071943176032395