PEPNR00000000002	1.3294343604248302	0.0017705852582125213
PEPNR00000000003	1.6802522250090572	0.0009292820947976173
PEPNR00000000004	1.5303108443135862	0.0011461076525835336
PEPNR00000000005	1.082405959759522	0.0030260808100807295
PEPNR00000000006	1.242881056459933	0.0018930930262032685
PEPNR00000000007	1.5312253470451982	0.0009632741498627418
PEPNR00000000008	1.4903366193853793	0.0009511710029168753
PEPNR00000000009	1.501519290325264	0.0009985560233630843
PEPNR00000000010	1.4452326753596991	0.0009166728401183388
PEPNR00000000011	1.3699419182858863	0.0012660548691732925
PEPNR00000000012	1.5739855086370516	0.0008246339835308979
PEPNR00000000013	1.4419704133652786	0.0007973393476655848
PEPNR00000000014	1.364151982018703	0.001171756427796635
PEPNR00000000015	0.7505045677270532	0.0027466018670584506
PEPNR00000000016	1.499731710509014	0.0008034081975782894
PEPNR00000000017	1.271497951964457	0.001095764537137098
PEPNR00000000018	1.4242107211607073	0.0008004602221463907
PEPNR00000000019	1.3171869436695318	0.0008636100332776131
PEPNR00000000020	1.116733374439438	0.001226268357287392
PEPNR00000000021	0.9929179027420811	0.0018729375275611628
PEPNR00000000022	0.8411632931270316	0.0022532208978850183
PEPNR00000000023	1.070180517884315	0.0015844073583910516
PEPNR00000000024	1.6945032027606413	0.0005299392404466582
PEPNR00000000025	1.0035541033517807	0.0013806286706728244
PEPNR00000000026	1.5131509080975805	0.0005774627632288265
PEPNR00000000027	0.8653103918685552	0.001926559136786061
PEPNR00000000028	1.4259796493704253	0.000681086252093818
PEPNR00000000029	1.635148367152191	0.0005918084009188582
PEPNR00000000030	0.28912105532533133	0.005293105959963331
PEPNR00000000031	1.566429609508204	0.0006281288906177032
PEPNR00000000032	1.6374612464394738	0.0005807795087173918
PEPNR00000000033	0.9160073223538003	0.001660584209442858
PEPNR00000000034	1.3463521997281713	0.0005350005466310213
PEPNR00000000035	1.1257849405339617	0.0011171015932388468
PEPNR00000000036	1.4417577437123577	0.0006193217728207048
PEPNR00000000037	1.670742296400755	0.0005336737417512925
PEPNR00000000038	0.9978365539292713	0.001541432764971759
PEPNR00000000039	1.2859398001351554	0.0007983280281273332
PEPNR00000000040	1.154974329798345	0.0008401904187542552
PEPNR00000000041	1.336786891504596	0.0007619305866266463
PEPNR00000000042	0.8510465322438238	0.0013048852808522212
PEPNR00000000043	1.0424285296658253	0.0010949123524486865
PEPNR00000000044	1.0111988137246148	0.0005836851723053165
PEPNR00000000045	0.33214633444916775	0.0038480741281666083
PEPNR00000000046	1.437143763833937	0.00041485624015174426
PEPNR00000000047	0.788316534546976	0.0014559742559046287
PEPNR00000000048	0.8568532694190922	0.0014513288313741178
PEPNR00000000049	1.068051966861207	0.0007542602502671653
PEPNR00000000050	0.3592866790861687	0.0036648239837027154
PEPNR00000000051	1.0044077581091746	0.0008283549324940682
PEPNR00000000052	1.0007883192067115	0.0010875167443850804
PEPNR00000000053	0.48528733142817987	0.0028412271802138018
PEPNR00000000054	1.433844434554306	0.0005305700017666377
PEPNR00000000055	1.5868219296582944	0.00046253919542048723
PEPNR00000000056	1.2001593910477517	0.0008491532158408344
PEPNR00000000057	0.7104664749412456	0.0017055379698189856
PEPNR00000000058	1.4639273885252273	0.00041288569985621984
PEPNR00000000059	0.16894632887965488	0.006391997081905339
PEPNR00000000060	0.44645601338432955	0.002491622246212366
PEPNR00000000061	0.1584911464837666	0.009414991396106477
PEPNR00000000062	1.5462290618421866	0.0003670345932675759
PEPNR00000000063	0.8424772462921111	0.0008359781179568152
PEPNR00000000064	1.5163179984410995	0.00038244029222377605
PEPNR00000000065	0.20237556426119302	0.004383150173074164
PEPNR00000000066	1.5068711735840772	0.0003558576304768188
PEPNR00000000067	1.465773653878101	0.0003878473706441248
PEPNR00000000068	1.529771889961705	0.0003718109968982288
PEPNR00000000069	0.6629632303445371	0.0015422885532763784
PEPNR00000000070	0.24329685307540402	0.004173940477224466
PEPNR00000000071	1.485778960291599	0.00040214336238694764
PEPNR00000000072	0.822906954207505	0.0013804231634480105
PEPNR00000000073	0.7942848968668632	0.0011965585275493368
PEPNR00000000074	1.4094808897820175	0.00050274491967359
PEPNR00000000075	1.4142901127296323	0.0004634065416499146
PEPNR00000000076	0.2938993488150133	0.0030235183031449707
PEPNR00000000077	0.21856915923300094	0.0039261119904837275
PEPNR00000000078	0.21002135238135314	0.0036299484393351967
PEPNR00000000079	0.5633539147400906	0.0014491751937483087
PEPNR00000000080	0.9418763809145118	0.0009232164546393708
PEPNR00000000081	0.9881788569101241	0.0007283861502554395
PEPNR00000000082	1.5647741029428293	0.0003203234889107726
PEPNR00000000083	0.9423843922747824	0.0008580675790785533
PEPNR00000000084	0.8908735393716981	0.0007214255201551793
PEPNR00000000085	0.337169616464914	0.0024975214258329977
PEPNR00000000086	1.7259067661591396	0.0002493673344658906
PEPNR00000000087	0.5596882643454673	0.0017975323061584607
PEPNR00000000088	0.901896812967356	0.0012871829166617743
PEPNR00000000089	1.4290036336604488	0.0004323669158027438
PEPNR00000000090	0.7998261870907535	0.00101967542654723
PEPNR00000000091	1.2377179224231916	0.0005390654213860244
PEPNR00000000092	0.40514090626687915	0.0017791290386608794
PEPNR00000000093	0.7925714541099759	0.0011412413225468836
PEPNR00000000094	0.6463515405519596	0.0016449715388201904
PEPNR00000000095	0.8753698349455658	0.0007607092112134944
PEPNR00000000096	0.30641181938614637	0.0032721766398486826
PEPNR00000000097	1.031218886979353	0.0009140967467316735
PEPNR00000000098	0.8652423854446093	0.0009366932891743888
PEPNR00000000099	0.39828319478280316	0.0020339732223572816
PEPNR00000000100	0.9146995489980148	0.0005375777456975376
PEPNR00000000101	0.49988558648637366	0.003425326483913352
PEPNR00000000102	1.7360751486473571	0.00024199454220812252
PEPNR00000000103	0.44581153530039347	0.002016184067847124
PEPNR00000000104	1.613616230940537	0.00025921351169689184
PEPNR00000000105	1.2740114801868814	0.00051929852776821
PEPNR00000000106	0.13451032988809136	0.0066962737757419585
PEPNR00000000107	1.0258344467667753	0.0006514369886733404
PEPNR00000000108	1.5625072135908706	0.00033530533325360005
PEPNR00000000109	1.448529337685291	0.0003412690825496489
PEPNR00000000110	1.625261194955906	0.00027376734976324935
PEPNR00000000111	0.18947439397715896	0.004219694292424786
PEPNR00000000112	1.6580448521107551	0.0002545800540016464
PEPNR00000000113	0.21984620668577104	0.0035022318539842203
PEPNR00000000114	1.385817428119129	0.0003093544787630522
PEPNR00000000115	1.1073900598717583	0.0005145517014325048
PEPNR00000000116	0.69210277409634	0.000779805093494439
PEPNR00000000117	0.8329959974830925	0.0007002587092189624
PEPNR00000000118	0.23933595025091853	0.00266142551935659
PEPNR00000000119	0.21924997935807558	0.002942142215784626
PEPNR00000000120	0.9476329098368917	0.0007111350524166696
PEPNR00000000121	0.6161368067620364	0.0010122904814637884
PEPNR00000000122	0.8219324513275138	0.001017099207554432
PEPNR00000000123	0.44178977182805773	0.0014009776407194043
PEPNR00000000124	0.1522274786257601	0.00448538875494143
PEPNR00000000125	0.8064311270050116	0.0011317583848835025
PEPNR00000000126	1.4095700715248394	0.00029116202911183943
PEPNR00000000127	0.9778879094682448	0.000568525916088913
PEPNR00000000128	0.9743009992651167	0.0005262796550472068
PEPNR00000000129	0.9690307309725712	0.0005095307184615377
PEPNR00000000130	0.6034791965424755	0.0013831609752660396
PEPNR00000000131	1.2383548292802775	0.00026914752452513206
PEPNR00000000132	1.0706728908401308	0.00041280844197446193
PEPNR00000000133	1.368718369424574	0.0004387837843649005
PEPNR00000000134	0.2730003270035161	0.002132851641729559
PEPNR00000000135	0.43349507682771465	0.0015907136075497467
PEPNR00000000136	0.8544136267008521	0.0007763964709247952
PEPNR00000000137	0.27876482309198236	0.003172981094015637
PEPNR00000000138	0.16963984984615735	0.0039153367797848
PEPNR00000000139	0.2703939336297521	0.0016722030840168566
PEPNR00000000140	0.7077401879417893	0.0010299963616136503
PEPNR00000000141	0.3015950719577996	0.0020549995352083755
PEPNR00000000142	0.23363006400184191	0.002801802214519299
PEPNR00000000143	0.5472521509135347	0.0017200935354719326
PEPNR00000000144	1.0658470257969779	0.0004468234868572796
PEPNR00000000145	1.1504681014194804	0.0003473138201935715
PEPNR00000000146	0.29911543089020803	0.0027834615424850886
PEPNR00000000147	0.1824911204328076	0.003509355813096189
PEPNR00000000148	0.3567205411965004	0.001811407522854443
PEPNR00000000149	0.36483496407985416	0.0019390214781557634
PEPNR00000000150	0.18211209126644856	0.0039554897480777495
PEPNR00000000151	0.9297744946321691	0.0006979440735544166
PEPNR00000000152	0.49206882862260753	0.0012150113568463576
PEPNR00000000153	0.4189987530813141	0.001434449453859268
PEPNR00000000154	1.2972762040475896	0.00029404990443884435
PEPNR00000000155	1.4720886164647828	0.0002727194673133102
PEPNR00000000156	0.3446671206820356	0.0016778588961879508
PEPNR00000000157	0.9066642285208832	0.00076364156876236
PEPNR00000000158	0.18796350682088894	0.0036096867776084117
PEPNR00000000159	0.13756919009255367	0.0043375446866280596
PEPNR00000000160	1.27446430013766	0.00033349823193370146
PEPNR00000000161	0.7366614818576156	0.0009982629683238742
PEPNR00000000162	0.18391936511393003	0.0036138227882824645
PEPNR00000000163	0.42469730114368204	0.001698404403985147
PEPNR00000000164	0.2589904296593635	0.002757157221480946
PEPNR00000000165	0.468797760202511	0.00136982728004854
PEPNR00000000166	0.5675243684416394	0.001261117446857789
PEPNR00000000167	1.4359068017858057	0.0002571770353168459
PEPNR00000000168	1.4588300043381903	0.0003267672042604232
PEPNR00000000169	0.23136429497557626	0.0028612799759337574
PEPNR00000000170	1.4793890937875325	0.0002028027767694764
PEPNR00000000171	1.6417293920560632	0.00017994287505984334
PEPNR00000000172	0.19264957745298505	0.0036244869088607997
PEPNR00000000173	0.19547507131632597	0.0029939244678294924
PEPNR00000000174	0.27862471828474356	0.0015745861506080213
PEPNR00000000175	0.6880538522565219	0.0007976733022285772
PEPNR00000000176	0.25647953572662113	0.0019880318672191276
PEPNR00000000177	0.747951885412807	0.0009024758133554312
PEPNR00000000178	0.15063400424031126	0.003461975778178572
PEPNR00000000179	1.6802813874360825	0.00017693406150371652
PEPNR00000000180	0.5443340744001861	0.0011446428959030492
PEPNR00000000181	0.3172142228579141	0.0018651637296959206
PEPNR00000000182	0.5519038456380225	0.0005999633674516744
PEPNR00000000183	0.6397841433427844	0.0010127728028984056
PEPNR00000000184	0.6148232656195142	0.001027891431237535
PEPNR00000000185	1.0182270247634333	0.0005632883773399762
PEPNR00000000186	1.1485479166255657	0.00037469576373746
PEPNR00000000187	1.171846643688306	0.000391153171882858
PEPNR00000000188	1.0724634875625152	0.00047824623209164087
PEPNR00000000189	0.23007686867391447	0.002766924971386732
PEPNR00000000190	0.2141930592969996	0.0031682659288554925
PEPNR00000000191	0.4974195737112958	0.0009516927726425167
PEPNR00000000192	0.9710683472337082	0.0004820789628708258
PEPNR00000000193	0.18188735980578905	0.0035691128719279267
PEPNR00000000194	0.23311236359046153	0.0030073291818432254
PEPNR00000000195	0.773721276646169	0.0010513686903012955
PEPNR00000000196	0.26329377512814056	0.002087760916362731
PEPNR00000000197	1.247507740335667	0.00028300164416703456
PEPNR00000000198	0.30051479738243075	0.0014898665625663733
PEPNR00000000199	0.19247849478852314	0.0024483825548157526
PEPNR00000000200	0.33381872681878416	0.0012654248059684628
PEPNR00000000201	0.28230145527356654	0.0007435152892816264
PEPNR00000000202	1.1175642924667024	0.0002918640905433057
PEPNR00000000203	1.4619051403678123	0.000245831834689531
PEPNR00000000204	0.2766610897455013	0.0019794968670113775
PEPNR00000000205	0.19956695625005172	0.002846340596057112
PEPNR00000000206	0.32469664248591074	0.0014066180602687974
PEPNR00000000207	0.21314632004783224	0.0025507038692544775
PEPNR00000000208	0.2918441596477348	0.0012178529502586473
PEPNR00000000209	0.6207960624253958	0.0008232895361081275
PEPNR00000000210	0.1975414444836249	0.0025106738916996843
PEPNR00000000211	0.2486961291218192	0.002656043777819213
PEPNR00000000212	0.33006526215482057	0.0016218441623915662
PEPNR00000000213	0.7675354787420706	0.0006345653979584289
PEPNR00000000214	0.3327180665206775	0.0014408656460356785
PEPNR00000000215	0.9702441852658011	0.0005799097613996092
PEPNR00000000216	1.2127996854431171	0.00023954198253568808
PEPNR00000000217	0.6065983914504954	0.0009145580644383221
PEPNR00000000218	1.0763900910670736	0.00037166103473990086
PEPNR00000000219	0.9275279553481878	0.00041046557505741206
PEPNR00000000220	0.857730552365762	0.0006129527568601194
PEPNR00000000221	1.2587552035801028	0.0002465589183620428
PEPNR00000000222	0.19323331212424935	0.003085281902266806
PEPNR00000000223	1.0789917476851452	0.00041289052683892997
PEPNR00000000224	1.3973575526063386	0.00019407516855067555
PEPNR00000000225	0.21192859528603758	0.002029611540294537
PEPNR00000000226	0.2184270795284491	0.0020143187639502006
PEPNR00000000227	0.23638453814547886	0.002096890580032803
PEPNR00000000228	0.38825202581251395	0.001506531086599685
PEPNR00000000229	0.19612561521958766	0.0021701239962372927
PEPNR00000000230	0.16174237552629164	0.003790019483413344
PEPNR00000000231	0.36282861676218925	0.0014557602984169716
PEPNR00000000232	0.6464604627339225	0.0005553786573707906
PEPNR00000000233	0.35631531399493843	0.0010164686109426866
PEPNR00000000234	0.623213334274574	0.0009857494965618953
PEPNR00000000235	0.6512281315627457	0.0008891732205608705
PEPNR00000000236	0.14072570670591772	0.0036013892360701517
PEPNR00000000237	0.9804099622335075	0.0005904137816880875
PEPNR00000000238	0.3542295506883262	0.0014342826389235415
PEPNR00000000239	0.28525673328907025	0.0017282841159489454
PEPNR00000000240	1.319137917884023	0.0002939779901254451
PEPNR00000000241	0.18775669043266535	0.0017737858685287313
PEPNR00000000242	0.257793823824192	0.0013684384097965682
PEPNR00000000243	0.14755451677262055	0.003304719290704359
PEPNR00000000244	0.18309476111960454	0.0019731068592732234
PEPNR00000000245	0.9610700218410952	0.0003190891080498416
PEPNR00000000246	0.23271922357458097	0.0021122108718777616
PEPNR00000000247	0.18779515952799528	0.002074326383274193
PEPNR00000000248	0.1636798013520413	0.0013003283638287112
PEPNR00000000249	0.18987181418756757	0.0021966822104534807
PEPNR00000000250	0.3818341323658289	0.0013479935190149003
PEPNR00000000251	0.4192337397063173	0.0008953589880633776
PEPNR00000000252	0.16082861609826016	0.0028411954816378376
PEPNR00000000253	0.3622236121040065	0.0013376894612820865
PEPNR00000000254	0.7169039198320369	0.0005758544419153811
PEPNR00000000255	0.17431942909769055	0.0028583094343473336
PEPNR00000000256	0.593867954490567	0.0004007994226186778
PEPNR00000000257	1.56033043104043	0.00014893947105763987
PEPNR00000000258	0.9142869283384512	0.0005781194529497698
PEPNR00000000259	0.15682151551050694	0.0026009738566065703
PEPNR00000000260	0.18379934443770551	0.002518233507543944
PEPNR00000000261	0.141651235363301	0.003881003165032444
PEPNR00000000262	0.16129419978826046	0.002334975697265476
PEPNR00000000263	1.34128421027154	0.0002257304168244004
PEPNR00000000264	0.3288268358486932	0.0016209180045368935
PEPNR00000000265	0.38897712309441307	0.0007133016538812409
PEPNR00000000266	0.926856033425694	0.0005533608828089419
PEPNR00000000267	0.5711965849516937	0.0008318034196945241
PEPNR00000000268	0.17902526790508122	0.0026183773966928494
PEPNR00000000269	0.21375476193428533	0.0022440396011429256
PEPNR00000000270	0.11335928769708184	0.0044933551951636804
PEPNR00000000271	0.18285551098496305	0.0018910025197577884
PEPNR00000000272	0.5056727423474149	0.00072142390349923
PEPNR00000000273	0.7467025685642606	0.0006799969014886229
PEPNR00000000274	0.09867356571390716	0.004258682284036884
PEPNR00000000275	0.4502040444225801	0.0009556181742568183
PEPNR00000000276	0.6285273692510568	0.00034384475530915305
PEPNR00000000277	0.29120240462610586	0.0011137469232436127
PEPNR00000000278	0.6885019133587064	0.00073199634332909
PEPNR00000000279	0.19815725603925183	0.0021991347646217246
PEPNR00000000280	0.17497115190972462	0.001975694103787054
PEPNR00000000281	1.3307865340351628	0.00016560580011620372
PEPNR00000000282	0.12508291690566814	0.004341764859665289
PEPNR00000000283	0.1503716510861596	0.002978691041320334
PEPNR00000000284	0.5232040781165128	0.0004804662220304788
PEPNR00000000285	0.15487829707726566	0.0024081122790681328
PEPNR00000000286	0.24848801562087264	0.0013951524745782974
PEPNR00000000287	0.3515761062853981	0.0009713965204655179
PEPNR00000000288	0.37211129909457225	0.0006314005225260405
PEPNR00000000289	0.15447135031428055	0.002590938393799043
PEPNR00000000290	1.0316629450501262	0.0002778099389860701
PEPNR00000000291	1.8129989821545482	0.00004848290921082131
PEPNR00000000292	0.15495580868258418	0.00253590525897573
PEPNR00000000293	0.17997093205139536	0.0022711670271987395
PEPNR00000000294	0.2822267084984374	0.001288855171597323
PEPNR00000000295	0.15917565907489734	0.0028901074766602896
PEPNR00000000296	0.1870841835170411	0.0020182232753930677
PEPNR00000000297	0.7736800866234834	0.0005534492435068429
PEPNR00000000298	0.18385585652323921	0.001993737119769664
PEPNR00000000299	0.6014317497616846	0.0007711656198305221
PEPNR00000000300	0.25228130345333877	0.0014086910017232653
PEPNR00000000301	0.2296593143449801	0.0021557257020534525
PEPNR00000000302	0.19306069388188826	0.0019531869069073075
PEPNR00000000303	0.599326033131659	0.000867694303132909
PEPNR00000000304	0.19494477851873687	0.0018692842592458007
PEPNR00000000305	0.30599017779007787	0.002164702291856514
PEPNR00000000306	1.2164540032600282	0.00028054317826574864
PEPNR00000000307	0.28287146032730065	0.0015220251117727072
PEPNR00000000308	0.8387961338384439	0.00043683708093868217
PEPNR00000000309	0.39173131747009954	0.001192326450317814
PEPNR00000000310	0.26322494804000296	0.0014318795400668507
PEPNR00000000311	0.21010673375083735	0.0010926846395899231
PEPNR00000000312	0.8397859113104251	0.00047055746725792016
PEPNR00000000313	0.6568941711777824	0.0004949667308777728
PEPNR00000000314	0.46770910203394656	0.001059205722083527
PEPNR00000000315	0.6642534769436856	0.0005270992088279274
PEPNR00000000316	0.38126490122173357	0.000962843922953257
PEPNR00000000317	0.7276286579745127	0.00043214133866858746
PEPNR00000000318	0.2737807259176597	0.0016058643885865245
PEPNR00000000319	0.1310446264537394	0.003768038126468333
PEPNR00000000320	0.18460929860804642	0.0021184818528090397
PEPNR00000000321	0.9307092117549737	0.0002645036066460789
PEPNR00000000322	0.5796891404466206	0.000581366051523126
PEPNR00000000323	0.181657032943252	0.0014152713952483031
PEPNR00000000324	0.5837117394502765	0.000550458400549561
PEPNR00000000325	0.37592966941243267	0.0009637248577920624
PEPNR00000000326	0.6075886941607096	0.0003979753484274396
PEPNR00000000327	0.8207976350899464	0.0003841990000122446
PEPNR00000000328	0.8359938088559608	0.00036353951093704204
PEPNR00000000329	0.24817071122246506	0.001445654939469328
PEPNR00000000330	0.364896906134317	0.0006867165583837883
PEPNR00000000331	0.11586948723399229	0.00451169737985407
PEPNR00000000332	0.2361898538971804	0.0012308156175649362
PEPNR00000000333	0.3089526243848881	0.00029361878483132823
PEPNR00000000334	0.5272457865019373	0.0004860459318710744
PEPNR00000000335	0.7601907281029623	0.000377748204296668
PEPNR00000000336	0.1685835397105976	0.0020349432335302993
PEPNR00000000337	0.39313723114581534	0.0010738227362285565
PEPNR00000000338	0.3145453649976715	0.0013361478667775059
PEPNR00000000339	0.4168350184278188	0.0009660273459319817
PEPNR00000000340	0.21835995191891017	0.0016049651108416426
PEPNR00000000341	0.2536482855225174	0.0012394822473594785
PEPNR00000000342	1.3107295613789949	0.00009463849529942966
PEPNR00000000343	0.5862791364347065	0.000767185804189266
PEPNR00000000344	0.6274976370001225	0.0005307028536851295
PEPNR00000000345	0.2536477462225233	0.0012132579007766875
PEPNR00000000346	0.17888061684434295	0.0020811414199248773
PEPNR00000000347	0.1100579911005742	0.004004412101234823
PEPNR00000000348	0.18412339188803178	0.0015758531261922263
PEPNR00000000349	0.9658490785377292	0.00030821667988109786
PEPNR00000000350	0.5209815205791939	0.0004440216130797511
PEPNR00000000351	1.2748131664944393	0.00019488193927682921
PEPNR00000000352	0.1198779436640047	0.0036196884514286
PEPNR00000000353	0.2761838807508593	0.0011412211439380587
PEPNR00000000354	0.5650009969576171	0.0005532313767039458
PEPNR00000000355	0.1268672192187705	0.0037211356880741922
PEPNR00000000356	0.17369246796498844	0.002117873575563723
PEPNR00000000357	0.1549113856854123	0.0024058937488525703
PEPNR00000000358	0.26173877369965487	0.0013281195035245062
PEPNR00000000359	0.2793260005266193	0.0009036278660436551
PEPNR00000000360	0.1752703740385601	0.001300329981649142
PEPNR00000000361	0.23011055480090864	0.0013947279971131717
PEPNR00000000362	0.3797147127718488	0.0007645484498244591
PEPNR00000000363	0.16288737882718105	0.001920585809074255
PEPNR00000000364	1.019511337320085	0.00033237280961313196
PEPNR00000000365	0.17057264783884557	0.002105330996293822
PEPNR00000000366	0.5902673847969143	0.0004488399085677382
PEPNR00000000367	0.7014061561629977	0.00043971868996928344
PEPNR00000000368	1.26013308315196	0.00014628048181261792
PEPNR00000000369	0.16125868783533961	0.0019437996950298823
PEPNR00000000370	0.16339533539907128	0.002342064510257225
PEPNR00000000371	0.1869082190075383	0.0019406524138666057
PEPNR00000000372	0.29983496447064795	0.0009083088456275742
PEPNR00000000373	0.1877353705214815	0.0009264581313231722
PEPNR00000000374	0.20957868966499035	0.0013571490361360637
PEPNR00000000375	0.1829421072667071	0.0018528404976498004
PEPNR00000000376	0.23219438549731877	0.00152844969617088
PEPNR00000000377	0.4411395612062124	0.0007557202946829418
PEPNR00000000378	0.2494022416615804	0.0012445649876896264
PEPNR00000000379	1.481560302991008	0.0000901970399338483
PEPNR00000000380	0.23560341618199757	0.0012728900264135801
PEPNR00000000381	0.20262891222742557	0.0015623749964061861
PEPNR00000000382	0.19389994830636734	0.0019407997158874303
PEPNR00000000383	0.3380147948337338	0.0010831730208249299
PEPNR00000000384	1.2152231007378271	0.00016879388658352899
PEPNR00000000385	0.20030527833630368	0.0012182659957119778
PEPNR00000000386	0.8567309640935911	0.00043870715927171565
PEPNR00000000387	1.412236432927337	0.00009273736375073318
PEPNR00000000388	0.19627293167621312	0.0008503998151782292
PEPNR00000000389	0.15725454777405068	0.001575196076784084
PEPNR00000000390	0.19165051242560213	0.0016224348411636514
PEPNR00000000391	0.15920021083974784	0.0016258866909743387
PEPNR00000000392	0.15786910121863443	0.0016227020995073682
PEPNR00000000393	0.33086846456340874	0.0009628691266435309
PEPNR00000000394	0.4812186909099257	0.0006520648372367871
PEPNR00000000395	0.37880765456243387	0.0007942089737460256
PEPNR00000000396	0.742731970743091	0.00036401474997824933
PEPNR00000000397	0.41004760004134644	0.0007776572266170247
PEPNR00000000398	0.19770254995084616	0.0012056733824685622
PEPNR00000000399	0.2274785871375844	0.0011012414935509319
PEPNR00000000400	0.17609784588163924	0.0013772780705400176
PEPNR00000000401	0.432226352455456	0.0008267303694718267
PEPNR00000000402	0.1804335144340232	0.0015057349673220709
PEPNR00000000403	0.09590797157483526	0.00389701390904065
PEPNR00000000404	1.6677005104344282	0.00009281219418963531
PEPNR00000000405	0.25830179370384937	0.0007566510055956146
PEPNR00000000406	0.15382416710656716	0.0019454908172404656
PEPNR00000000407	0.27244515268706426	0.0007906804438081335
PEPNR00000000408	0.9997068740795301	0.0003085810952949955
PEPNR00000000409	0.14896004416503358	0.0018522667934805974
PEPNR00000000410	0.13262974372927622	0.0016242753314111356
PEPNR00000000411	0.39452604265915486	0.0007220580745386673
PEPNR00000000412	1.0886458411117814	0.00016832744692804906
PEPNR00000000413	0.4285440194242045	0.000530209034816838
PEPNR00000000414	0.3112404112089755	0.0006102166260630496
PEPNR00000000415	0.18564803893458667	0.001461514389438131
PEPNR00000000416	0.25446731272795375	0.0006429789781512882
PEPNR00000000417	0.1653171609376953	0.0016045529313631652
PEPNR00000000418	0.8061196887171527	0.0002577013223973372
PEPNR00000000419	0.10464175467322646	0.002872011865434691
PEPNR00000000420	0.26825054729376613	0.0008373460692227982
PEPNR00000000421	0.47820454872778134	0.0005438479372491858
PEPNR00000000422	0.5701461190153227	0.00018955267056224874
PEPNR00000000423	0.1514114425212823	0.002129757026748585
PEPNR00000000424	0.11419981781441693	0.003148223407774238
PEPNR00000000425	0.14747864242210698	0.0017358939031951715
PEPNR00000000426	0.19420582476853815	0.0013097174746274645
PEPNR00000000427	0.38092372777563177	0.0004906675627513465
PEPNR00000000428	0.15445022621355123	0.00154495951695004
PEPNR00000000429	0.20237239617956387	0.0008209073715119719
PEPNR00000000430	0.4474481865901332	0.000641072359842054
PEPNR00000000431	0.2073645706667683	0.0010000827618483223
PEPNR00000000432	0.14884807174557416	0.001793938244097724
PEPNR00000000433	0.7882695347938073	0.00021613403436983786
PEPNR00000000434	0.31511157712451493	0.0007174448448770011
PEPNR00000000435	0.6116092155094669	0.00031561450587192625
PEPNR00000000436	1.4702877744015679	0.00008176387974387573
PEPNR00000000437	1.1524813200473605	0.0001786757450436264
PEPNR00000000438	0.9227550127567861	0.00022746612945700513
PEPNR00000000439	0.2010998467668021	0.001059479760263624
PEPNR00000000440	0.30537479029506587	0.0007142335335021517
PEPNR00000000441	0.19921466716626943	0.000888629465170643
PEPNR00000000442	0.21410448649928152	0.0010649258338461954
PEPNR00000000443	0.15657273855180015	0.002099336550248959
PEPNR00000000444	0.3738697389880294	0.0006409807796640684
PEPNR00000000445	0.4444439491667141	0.00041837664405843065
PEPNR00000000446	1.4205207682713945	0.00007632436438837686
PEPNR00000000447	0.20149741610672375	0.0009897654951411727
PEPNR00000000448	0.24185066895800145	0.0009920452639465077
PEPNR00000000449	0.3720699947107952	0.0006008603100688321
PEPNR00000000450	0.2098198581778602	0.0017706481094702385
PEPNR00000000451	0.2481611604176812	0.000698418048298124
PEPNR00000000452	0.2057628100090664	0.0010260754337567926
PEPNR00000000453	0.4051258662649581	0.0007867469886847813
PEPNR00000000454	0.15520677823245665	0.0014466145132571355
PEPNR00000000455	0.3625588607369172	0.0006183641764104021
PEPNR00000000456	0.12624438905851593	0.002156054783912975
PEPNR00000000457	0.175789169614336	0.0010036894740036066
PEPNR00000000458	0.2361262487327247	0.0009473350944779901
PEPNR00000000459	0.14339495541228905	0.0016099165596786492
PEPNR00000000460	0.16453251655746923	0.0014559415033771502
PEPNR00000000461	0.31495622556682595	0.0005950469731436626
PEPNR00000000462	0.16118504217679633	0.0012322882727376983
PEPNR00000000463	0.3260805773805272	0.000666120099285547
PEPNR00000000464	0.20444643755075445	0.001068248587437569
PEPNR00000000465	0.19263108476293217	0.0007205312306590299
PEPNR00000000466	0.13937896178563342	0.0017773041600444644
PEPNR00000000467	0.1309437440706185	0.0017595592185384171
PEPNR00000000468	0.4123385586414075	0.0005674985297545752
PEPNR00000000469	0.21316802334210574	0.0011791296310897344
PEPNR00000000470	0.3005674221465605	0.0006501542743739731
PEPNR00000000471	0.22890855895955542	0.0010163531390776667
PEPNR00000000472	1.255330818462305	0.00006350469356966602
PEPNR00000000473	0.8237709741648657	0.00014515250387484276
PEPNR00000000474	0.1504922142135566	0.0012405168091081534
PEPNR00000000475	0.881643418078911	0.0001827930839038639
PEPNR00000000476	0.16056343264718836	0.0015304265169233573
PEPNR00000000477	1.0048518264038824	0.000167802340883951
PEPNR00000000478	0.19946564542355322	0.0012771448600062685
PEPNR00000000479	0.8003713053024949	0.00021633250857749933
PEPNR00000000480	0.16156912025739575	0.0013309869168693336
PEPNR00000000481	0.09781726021003277	0.00214606805152536
PEPNR00000000482	0.17769223959891717	0.001585979260137187
PEPNR00000000483	0.17199726898705253	0.0015763264228996195
PEPNR00000000484	0.6936679118133483	0.0002732458846643898
PEPNR00000000485	0.521162266061537	0.0004119596978372398
PEPNR00000000486	0.334217212591496	0.0004369885673770171
PEPNR00000000487	0.2106542604939868	0.0008389900499793077
PEPNR00000000488	0.6719830903041751	0.0002718462956751593
PEPNR00000000489	0.357337650656547	0.000595015183775045
PEPNR00000000490	0.19844232468884251	0.0009479969942353876
PEPNR00000000491	0.2984322726208429	0.0008173506809889748
PEPNR00000000492	0.6301336326782541	0.0003319800579818712
PEPNR00000000493	0.18516282472015824	0.0011469229481975351
PEPNR00000000494	0.1856632857264208	0.0011051550130086706
PEPNR00000000495	0.14835543398656337	0.0014966930034415527
PEPNR00000000496	0.0974756414046452	0.0014399169886553517
PEPNR00000000497	0.2173825374928245	0.0008291870758620959
PEPNR00000000498	0.1680039809777805	0.0013301357976631754
PEPNR00000000499	0.3184001495138817	0.00041152887689312466
PEPNR00000000500	1.4777289760989334	0.00007469534571333517
PEPNR00000000501	0.23043301673930036	0.0005937307978846298
PEPNR00000000502	0.26660450546210906	0.0006819850380963522
PEPNR00000000503	0.20290821297446107	0.0013417627668423345
PEPNR00000000504	0.29207048371723465	0.00041987309677780373
PEPNR00000000505	0.1339706442695614	0.0016999360447831234
PEPNR00000000506	0.15164174249318974	0.0014203908522696512
PEPNR00000000507	0.12485924417325653	0.0018999275159670476
PEPNR00000000508	0.21126283393263182	0.0006910001011837511
PEPNR00000000509	0.15780773928894853	0.0008700106770484132
PEPNR00000000510	0.39048455054199904	0.0003583693061965881
PEPNR00000000511	0.15109569846732152	0.0015491989883179124
PEPNR00000000512	0.14653534994560682	0.001202504553333768
PEPNR00000000513	0.15383209490173444	0.0010880501692973879
PEPNR00000000514	0.38820045759630567	0.00039800920331263317
PEPNR00000000515	0.16023359406937676	0.0012732755844363944
PEPNR00000000516	0.1538421160633574	0.0015084723424822844
PEPNR00000000517	0.3124518503935969	0.0004146451832598757
PEPNR00000000518	0.6653576093199628	0.00017339132709178368
PEPNR00000000519	0.23680097066382927	0.0005107358841516653
PEPNR00000000520	0.2090514535875216	0.0008964007665168165
PEPNR00000000521	0.5760667355371092	0.00019539073342701496
PEPNR00000000522	0.23231101227040316	0.0006922599210132062
PEPNR00000000523	0.2714071543604861	0.0004217516038154773
PEPNR00000000524	0.34108440600433537	0.0003564731696325537
PEPNR00000000525	1.7255863837271435	0.00003773407787607599
PEPNR00000000526	0.10597014564022027	0.0016230546224239918
PEPNR00000000527	0.20391791085939417	0.0009311040518677375
PEPNR00000000528	0.1949179542956419	0.0005559972175355535
PEPNR00000000529	0.1828104936822359	0.0008316050998799614
PEPNR00000000530	0.14097603914816742	0.0007253615843447086
PEPNR00000000531	0.32401092732993503	0.0007065430496028173
PEPNR00000000532	0.24275704948986868	0.0005319921187384757
PEPNR00000000533	0.2297292501061151	0.0006763817552573389
PEPNR00000000534	0.2510862366446108	0.0005266406151539221
PEPNR00000000535	0.3754275558056523	0.00041745819328949953
PEPNR00000000536	0.19810667310244143	0.0006508849328045283
PEPNR00000000537	0.7046077204612793	0.00023802358883500825
PEPNR00000000538	1.1666375307166064	0.00006345431692894588
PEPNR00000000539	0.3298209722479081	0.0004749721133772621
PEPNR00000000540	0.30825885207906084	0.00040298567714791957
PEPNR00000000541	0.6466234693400201	0.00013762001273272904
PEPNR00000000542	0.19878438847585303	0.0006448093100747706
PEPNR00000000543	0.35047104902152904	0.0003640102263597443
PEPNR00000000544	0.1994860724901339	0.0006337111502936746
PEPNR00000000545	1.5349681017206331	0.000047764712014385296
PEPNR00000000546	0.12546926935073008	0.0011691209639520038
PEPNR00000000547	0.7066415815822087	0.00018851577829334562
PEPNR00000000548	0.6277935430937037	0.0002152370692277251
PEPNR00000000549	0.3172128399647607	0.0003516179280974005
PEPNR00000000550	0.2676178643365665	0.0005256990067599603
PEPNR00000000551	0.10563727014700545	0.0014715002060092586
PEPNR00000000552	0.2331414970726726	0.0005803640329569914
PEPNR00000000553	0.14343458315381183	0.0015772996968033515
PEPNR00000000554	0.21715615762687165	0.0007728777066472615
PEPNR00000000555	0.08390745680767127	0.0012021216455204698
PEPNR00000000556	0.18133080070508284	0.0004275191992505849
PEPNR00000000557	1.5400710492689533	0.000024833650011739855
PEPNR00000000558	0.21498857469969634	0.0006462454346186527
PEPNR00000000559	0.14935074086855038	0.0008070836124258544
PEPNR00000000560	0.17599001164424158	0.0006783849193459034
PEPNR00000000561	0.3172078217697156	0.00033170829602757106
PEPNR00000000562	0.19945523785152472	0.0004987592863932318
PEPNR00000000563	1.6512205164492915	0.000023944815222928866
PEPNR00000000564	0.20762562178033683	0.0005680730498159623
PEPNR00000000565	0.29916020435626595	0.00034060767462926796
PEPNR00000000566	0.14487798021755618	0.0007702933677771533
PEPNR00000000567	0.15878937403920246	0.0008743435878460088
PEPNR00000000568	0.16375368727714165	0.0005270823462919252
PEPNR00000000569	0.1304567093822032	0.0010131285340887549
PEPNR00000000570	0.2104593250179191	0.0005661890240716387
PEPNR00000000571	0.37903407197293204	0.00023214760159299958
PEPNR00000000572	0.15905329045625213	0.0005506947115456334
PEPNR00000000573	0.2885520782520598	0.00036076131990729295
PEPNR00000000574	1.4209844505174285	0.00002114257034715286
PEPNR00000000575	0.3133647717525726	0.00020049706515294638
PEPNR00000000576	0.10975150408665957	0.0010277411466681513
PEPNR00000000577	0.14006304530870628	0.0007657602404608849
PEPNR00000000578	0.14739595215826462	0.0008323819966071654
PEPNR00000000579	1.6028821041182861	0.000023081205342802005
PEPNR00000000580	0.15682654561867568	0.000830082239541225
PEPNR00000000581	0.38716056401346566	0.00020941752727945533
PEPNR00000000582	0.17599246058211868	0.0004586416688235905
PEPNR00000000583	0.1881413942949395	0.0006000827231116027
PEPNR00000000584	0.17445832655875776	0.0005700683794369664
PEPNR00000000585	0.08199498460950501	0.0009233116846348198
PEPNR00000000586	0.17903021197838204	0.00038620681889507837
PEPNR00000000587	0.8928692373436767	0.00007337674169025795
PEPNR00000000588	0.0918576889977865	0.0013385946394406632
PEPNR00000000589	0.10989310005291872	0.0008293611011235358
PEPNR00000000590	0.5285181894277496	0.00011221049491120105
PEPNR00000000591	0.21013327687982253	0.0004399124032456343
PEPNR00000000592	0.3513197811813826	0.00014948990973058987
PEPNR00000000593	0.3104240145245652	0.0002076423647980859
PEPNR00000000594	0.21994278170245987	0.0002468280141611634
PEPNR00000000595	0.2066133157745161	0.00030339830178869746
PEPNR00000000596	0.16602602183493306	0.0006026614331523441
PEPNR00000000597	0.20136069556146788	0.0002383350396092656
PEPNR00000000598	0.1272196515592201	0.0007095641701252602
PEPNR00000000599	0.22661018214687625	0.00027384185655021957
PEPNR00000000600	5.328493503649257	3.390269908926272e-7
PEPNR00000000601	0.19279451021497604	0.00035082938732707665
PEPNR00000000602	0.16793283724734162	0.00036268797101228245
PEPNR00000000603	0.3863854769895315	0.00008596781678810637
PEPNR00000000604	0.1557217857942749	0.0004618616451616977
PEPNR00000000605	4.155276061958372	7.139647129006129e-7
PEPNR00000000606	0.2638334292715404	0.00020231042484094807
PEPNR00000000607	0.10592802556510013	0.0005189752263849763
PEPNR00000000608	1.3114936956888403	0.000012007073100642439
PEPNR00000000609	0.22346759948806016	0.00028217731095764407
PEPNR00000000610	0.17856691616016804	0.00032827348325636057
PEPNR00000000611	1.0801462825049146	0.000017811108593563205
PEPNR00000000612	5.595551261901414	7.630894250010065e-8
PEPNR00000000614	0.5909853923290262	0.00005064660609767693
PEPNR00000000615	0.37297464781229656	0.0000987191198089852
PEPNR00000000616	3.7104370645446187	8.017686779671999e-7
PEPNR00000000618	0.19531719862865152	0.0002384392367658371
PEPNR00000000619	4.2186242710929305	4.096325681419798e-7
PEPNR00000000620	1.4941751662129301	5.6650735622072e-6
PEPNR00000000621	3.958969570327702	4.2551875067945614e-7
PEPNR00000000622	2.6317325132660763	1.939722644955525e-6
PEPNR00000000623	1.389274948244368	7.579052715415699e-6
PEPNR00000000624	0.12766801935654262	0.00021231202221579006
PEPNR00000000625	1.3109047582663984	0.000011536569390368342
PEPNR00000000626	1.2817367860656004	0.000011820513518051656
PEPNR00000000627	3.7439020232883062	6.89536010004268e-7
PEPNR00000000628	0.04939034754219282	0.0010056702180471304
PEPNR00000000629	0.1917094621826433	0.00007825644821021542
PEPNR00000000630	3.8991591831724493	4.4690147712348853e-7
PEPNR00000000631	3.814385115809687	3.8240314039766534e-7
PEPNR00000000632	4.282845234880251	2.0918967666780887e-7
PEPNR00000000633	1.5451294948635044	5.912883682055805e-6
PEPNR00000000634	0.07458971526918388	0.0005650445991009399
PEPNR00000000635	1.0826151778983069	0.000013851273516501498
PEPNR00000000636	1.4606010306599058	7.536681090194357e-6
PEPNR00000000638	4.015765748064898	3.1280161859611626e-7
PEPNR00000000639	3.907208812476584	2.865818052863429e-7
PEPNR00000000640	1.481927499642579	6.6006996716656564e-6
PEPNR00000000641	1.7294511392805438	4.0797126784698845e-6
PEPNR00000000642	1.3012567205880978	5.39577225805135e-6
PEPNR00000000643	1.145117755326175	0.000014964633043106231
PEPNR00000000644	3.5941044783010505	6.918308899522979e-7
PEPNR00000000645	0.48754460963076257	0.000021420342112563937
PEPNR00000000646	5.159292724142552	9.813275728698178e-8
PEPNR00000000647	0.1686460808952187	0.00010951117213505894
PEPNR00000000648	3.9409706134986036	4.10506826761905e-7
PEPNR00000000649	1.649901873827142	4.829872590451136e-6
PEPNR00000000650	1.076314033704503	9.405713938383129e-6
PEPNR00000000651	4.405119012080783	2.3799542126639898e-7
PEPNR00000000652	1.2775018209811562	5.535437353720611e-6
PEPNR00000000655	4.68335495677994	1.4014466068953577e-7
PEPNR00000000657	0.9150854647512199	0.000013596115306135567
PEPNR00000000658	1.4451932578572837	0.000012933526395675334
PEPNR00000000659	2.655630479336715	9.214262468243741e-7
PEPNR00000000661	0.19072595901478867	0.00011107439866485903
PEPNR00000000662	1.1807922295201312	6.566417525145879e-6
PEPNR00000000663	2.960792629936718	6.813986336806177e-7
PEPNR00000000664	3.7409883638726265	4.6936699578297384e-7
PEPNR00000000665	0.9817836149224254	0.000011286203338726424
PEPNR00000000667	1.371333239547533	4.943237962972439e-6
PEPNR00000000668	1.0021836111840348	7.769733987551773e-6
PEPNR00000000669	1.4118204584233462	5.211903231544051e-6
PEPNR00000000670	5.439746653889551	3.9943054938432236e-8
PEPNR00000000671	1.4698877241587882	3.859552585086076e-6
PEPNR00000000675	3.663921350762759	3.350037267031378e-7
PEPNR00000000677	3.5381366017180222	4.4114969871580983e-7
PEPNR00000000679	3.7004053057309063	3.7806319336066104e-7
PEPNR00000000680	3.4428997979592846	5.496334018112836e-7
PEPNR00000000681	7.478770506616353	2.1974950496300086e-8
PEPNR00000000683	3.8448081377969783	3.077665983918769e-7
PEPNR00000000684	3.5367925519223524	3.7436906941418344e-7
PEPNR00000000685	0.6248577983213035	0.000026944633028092532
PEPNR00000000686	2.5338181215661306	1.3242917580677297e-6
PEPNR00000000687	1.0598181378030256	9.002956439731496e-6
PEPNR00000000688	4.441360388010097	1.2509321317260014e-7
PEPNR00000000691	2.7302389595637897	8.03506917747837e-7
PEPNR00000000694	1.2826652905728158	0.000014153800823718482
PEPNR00000000695	1.2436289138997052	5.710885591436986e-6
PEPNR00000000696	1.383775561194693	5.5986463063864775e-6
PEPNR00000000697	1.3323633969316762	4.602231824625381e-6
PEPNR00000000698	4.355159252205844	9.584559111676776e-8
PEPNR00000000699	4.931270171949917	1.2295611306258585e-7
PEPNR00000000702	1.0212870595408576	7.5480851836753605e-6
PEPNR00000000703	3.757941496928316	3.568843026878073e-7
PEPNR00000000704	1.3233491910550166	3.949763330501818e-6
PEPNR00000000705	1.375376893123039	3.0972708543801674e-6
PEPNR00000000707	0.1926269041213966	0.00011396730146683342
PEPNR00000000708	1.1064493724742046	4.6852381938475585e-6
PEPNR00000000709	3.3789046266343528	3.8628533100395687e-7
PEPNR00000000710	3.177448836768857	5.890289190072821e-7
PEPNR00000000711	3.4621159507412878	4.382988725141015e-7
PEPNR00000000712	1.787876210838661	1.6254013050927839e-6
PEPNR00000000713	1.5713218391788093	2.67778203808442e-6
PEPNR00000000714	0.1874020546433379	0.00006835063098556543
PEPNR00000000717	4.878859402067675	7.837435358292083e-8
PEPNR00000000719	3.0132008964094728	5.768424035869393e-7
PEPNR00000000721	4.463357100792871	1.1001360220248466e-7
PEPNR00000000722	2.429955117797333	1.2383360160657777e-6
PEPNR00000000723	2.428177546940573	5.378446049058155e-7
PEPNR00000000724	2.4701147175242464	1.2618309802628621e-6
PEPNR00000000727	2.0507410893872122	1.1093910109624178e-6
PEPNR00000000728	4.0049619526751705	2.545238065017939e-7
PEPNR00000000730	1.439733438279375	3.7564027231968208e-6
PEPNR00000000731	2.97717143326046	4.766866429449987e-7
PEPNR00000000732	1.5887217322586524	2.2152132685297647e-6
PEPNR00000000734	2.1376854355946295	1.3659348159123315e-6
PEPNR00000000735	3.259435842139534	5.821147303539747e-7
PEPNR00000000737	1.60023821953646	1.9710005550654785e-6
PEPNR00000000742	1.161860294976777	6.309046192159701e-6
PEPNR00000000745	6.91159882971852	2.588372980499088e-8
PEPNR00000000746	7.794037634918385	1.3911006619397452e-8
PEPNR00000000747	2.429149694027304	9.137352121921159e-7
PEPNR00000000748	1.0536499773796737	0.000013017138436029729
PEPNR00000000749	1.1157221115547509	7.272130312375309e-6
PEPNR00000000751	1.1347347020263039	5.982581738764359e-6
PEPNR00000000752	2.6248151972818006	6.731196266019344e-7
PEPNR00000000754	4.307392496665896	1.956088613543785e-7
PEPNR00000000756	3.996304288758789	1.3128024393395386e-7
PEPNR00000000758	1.6511338589183564	2.150306461824295e-6
PEPNR00000000759	1.8870266229767256	2.0065855776428845e-6
PEPNR00000000763	1.8673600203327037	3.823959342115013e-6
PEPNR00000000765	1.4318986338457305	3.951423926908184e-6
PEPNR00000000767	0.14464340586103527	0.00006203580623731412
PEPNR00000000768	0.15601752754930454	0.00008020620319552583
PEPNR00000000770	3.2709860596770906	4.0226502573515574e-7
PEPNR00000000771	2.800999502482537	5.32689953654674e-7
PEPNR00000000772	1.1501348912910228	6.042748753566464e-6
PEPNR00000000773	3.8525997666685927	2.3531596066510928e-7
PEPNR00000000774	3.1626608522134165	6.137960879278989e-7
PEPNR00000000775	1.0896010084131633	4.072855206588956e-6
PEPNR00000000780	1.298874022625703	5.946571358049452e-6
PEPNR00000000782	1.3492939974838474	5.804582745940131e-6
PEPNR00000000785	1.3937173269204481	3.1480418080019065e-6
PEPNR00000000788	3.4733307605930053	4.5023315298381397e-7
PEPNR00000000791	1.4543517949199576	2.4709166720563906e-6
PEPNR00000000796	3.338221543483985	3.60394485303922e-7
PEPNR00000000797	3.732964505916383	3.0822642430323033e-7
PEPNR00000000798	3.4206107591709425	4.163178049242887e-7
PEPNR00000000800	1.4147663109534299	2.833155859767282e-6
PEPNR00000000802	1.6873477939259616	2.4823818992067254e-6
PEPNR00000000804	3.6728241589675212	2.3210661826199742e-7
PEPNR00000000807	1.036029271560855	6.37476480922762e-6
PEPNR00000000808	2.2461570424963195	1.264566913078861e-6
PEPNR00000000810	2.792207208298576	5.03951219680238e-7
PEPNR00000000813	0.673151707163855	0.000017477075731620745
PEPNR00000000815	1.588954857374887	2.2150532111979456e-6
PEPNR00000000816	2.102246833652656	7.972538196790041e-7
PEPNR00000000817	4.437866458853568	1.2200333688368667e-7
PEPNR00000000820	3.567346021060523	2.2715211126049638e-7
PEPNR00000000821	3.5033799665264476	3.241021563106976e-7
PEPNR00000000822	0.7602159413489231	0.000012831656078584716
PEPNR00000000823	1.067467245201727	9.36293359692337e-6
PEPNR00000000824	4.215704661367572	1.1593202881661047e-7
PEPNR00000000826	2.6237056933725658	8.009182490434188e-7
PEPNR00000000830	1.6814795614535378	2.107200104847312e-6
PEPNR00000000831	1.8403325717770802	1.43493195393452e-6
PEPNR00000000834	4.70465084123861	1.107442378025514e-7
PEPNR00000000835	4.050453237045781	2.274983380953153e-7
PEPNR00000000836	3.347914213640019	4.1190106645399185e-7
PEPNR00000000838	2.5727931332941867	1.0327419571226607e-6
PEPNR00000000840	3.428334333416052	3.292414690799028e-7
PEPNR00000000841	0.9983817322089882	0.000010356145448789455
PEPNR00000000844	1.9500059235322467	3.261206450370961e-6
PEPNR00000000850	1.3505511412336548	6.007579871092837e-6
PEPNR00000000851	2.6995457455691643	4.856348139418704e-7
PEPNR00000000858	1.6482221121443008	1.7063159389748262e-6
PEPNR00000000861	1.14795583022067	9.99331419666109e-6
PEPNR00000000863	1.7569801575170387	2.3589592434054127e-6
PEPNR00000000867	3.970739669413759	1.2567772317074813e-7
PEPNR00000000868	1.2454588038585437	4.2217185033732295e-6
PEPNR00000000871	2.277383718680562	1.1921579263029308e-6
PEPNR00000000874	2.525307232082928	1.0317279204037233e-6
PEPNR00000000876	4.193439048625476	1.2757892211995987e-7
PEPNR00000000877	1.4311508575425829	3.3669876582167083e-6
PEPNR00000000879	5.274875433632765	5.3106317850740196e-8
PEPNR00000000880	1.0565645602513127	7.079334569486932e-6
PEPNR00000000882	1.010548376417103	7.42669438430104e-6
PEPNR00000000885	1.3912885173290621	2.817759408802585e-6
PEPNR00000000886	2.6775905039643235	5.645664483005713e-7
PEPNR00000000887	2.944218029653785	4.425776218307109e-7
PEPNR00000000890	2.636629494146709	6.700952944821593e-7
PEPNR00000000891	2.5245938539166555	7.398064172207781e-7
PEPNR00000000892	2.792207208298576	5.03951219680238e-7
PEPNR00000000893	1.3596680115777433	3.9295796794792946e-6
PEPNR00000000897	1.4537815560924876	3.0515973333199156e-6
PEPNR00000000898	1.5898035555755015	2.0689983522403354e-6
PEPNR00000000899	2.0824465929716203	1.5014049482790864e-6
PEPNR00000000904	3.152197581629332	3.3271211482636043e-7
PEPNR00000000906	3.946698264346529	1.968152681990281e-7
PEPNR00000000907	2.7158628314658624	6.58728828505732e-7
PEPNR00000000909	2.5800208160123335	7.545196038293105e-7
PEPNR00000000910	0.6672456363910232	0.000019240600804597054
PEPNR00000000912	5.948485127758477	2.9354419147767982e-8
PEPNR00000000913	1.222265093321226	2.9806556928218798e-6
PEPNR00000000915	1.4914327857832856	2.1493961476577556e-6
PEPNR00000000918	3.148381779831691	3.47339577695025e-7
PEPNR00000000920	1.1542009395475081	5.13328189981298e-6
PEPNR00000000932	2.977487562907164	4.5677301772347706e-7
PEPNR00000000933	0.9675736879204062	9.398232139437307e-6
PEPNR00000000939	1.912313622762938	9.89369504083293e-7
PEPNR00000000941	3.839636639198078	1.4609507896135344e-7
PEPNR00000000942	0.16670746087344118	0.00006860321162037957
PEPNR00000000943	1.228099045334265	3.821808839182423e-6
PEPNR00000000946	3.7810159904551957	2.010440315630897e-7
PEPNR00000000951	1.2470210983369323	4.373906797700397e-6
PEPNR00000000955	4.517112217867972	6.920201578496717e-8
PEPNR00000000957	5.009549855220368	5.988334104770202e-8
PEPNR00000000961	3.9027673085123236	9.812944109726453e-8
PEPNR00000000962	3.991412654695835	1.0828156465439572e-7
PEPNR00000000968	4.656403062873056	4.6903997493153597e-8
PEPNR00000000969	3.6957397206112623	3.4169174368877485e-7
PEPNR00000000981	3.4171247724236524	2.0781239170476235e-7
PEPNR00000000983	1.6412926672094272	1.7724600454458677e-6
PEPNR00000000991	1.947605156089904	1.4365414194567688e-6
PEPNR00000000992	1.7461256220698567	1.418979241811316e-6
PEPNR00000000994	1.3937173269204481	3.1480418080019065e-6
PEPNR00000001006	6.095816444601569	2.995898324049104e-8
PEPNR00000001008	1.0940553098705168	6.081674116114876e-6
PEPNR00000001012	0.7867957664115011	0.000021982360107034616
PEPNR00000001016	3.6353186967820075	1.5527153475083946e-7
PEPNR00000001017	1.5268830698405826	3.0174101018556644e-6
PEPNR00000001020	4.914046281236606	6.286569632763168e-8
PEPNR00000001033	2.7230359288648374	4.823022700677976e-7
PEPNR00000001034	0.6092732325079114	0.00001719694762292053
PEPNR00000001042	2.4075720885574565	7.346066604986193e-7
PEPNR00000001048	3.9058222185787	1.1478737811140265e-7
PEPNR00000001049	0.993543894641403	4.818030619127595e-6
PEPNR00000001079	2.7549780411310434	3.905214431282876e-7
PEPNR00000001082	2.007844701082339	1.96603079156259e-6
PEPNR00000001084	3.216118359661316	4.3547308198466476e-7
PEPNR00000001092	4.338477061502361	1.726357388930358e-7
PEPNR00000001095	2.0650453854751003	8.96810994609154e-7
PEPNR00000001100	0.5672555459761995	0.000016910767795196578
PEPNR00000001103	4.09646947741618	1.6298162256183306e-7
PEPNR00000001105	2.511474186581666	6.588941880500807e-7
PEPNR00000001124	1.471394399117526	1.688659377762542e-6
PEPNR00000001140	0.9806720639187229	6.98067637083152e-6
PEPNR00000001142	1.5836846014042598	1.7072567983014304e-6
PEPNR00000001145	1.7813583804589792	7.692805146334049e-7
PEPNR00000001150	1.5188001065345909	2.27906009013936e-6
PEPNR00000001154	1.2155477803102304	4.305065605617734e-6
PEPNR00000001155	1.1236521564927062	4.541609490341881e-6
PEPNR00000001159	1.5612653290505498	2.362887650642334e-6
PEPNR00000001162	1.585025595741557	1.8139412857633807e-6
PEPNR00000001165	0.5500520512888467	0.00001431476004751029
PEPNR00000001166	1.2309993443424847	7.767001029107243e-6
PEPNR00000001172	3.897720852278014	1.0059250539365316e-7
PEPNR00000001176	1.9810343138416915	1.0949263878953905e-6
PEPNR00000001181	1.9623757016316095	8.09822229996202e-7
PEPNR00000001198	1.8070046462463363	9.400568206103971e-7
PEPNR00000001205	4.198578718932902	9.311229249979914e-8
PEPNR00000001212	1.6358853474338382	1.7300472143811383e-6
PEPNR00000001222	2.658269528446491	7.23419486624841e-7
PEPNR00000001232	1.9389229111452466	1.1474579181232618e-6
PEPNR00000001235	1.8944431423188688	2.652235787266903e-6
PEPNR00000001250	4.926665257799042	5.6503624504638315e-8
PEPNR00000001266	1.3453771479751546	3.3479771396487185e-6
PEPNR00000001296	1.6472134682510515	1.6486554892748673e-6
PEPNR00000001302	6.162209027974496	1.6945719890118835e-8
PEPNR00000001308	3.8524944297027335	1.1420325818011645e-7
PEPNR00000001312	4.725944204509626	6.249326648042183e-8
PEPNR00000001316	2.8647067577133245	4.2732091535388097e-7
PEPNR00000001319	5.240518408844956	5.3123050016820024e-8
PEPNR00000001329	1.6254749393665298	2.1272363982570222e-6
PEPNR00000001335	3.5651194715317653	1.5955985945246798e-7
PEPNR00000001346	1.8104966640900166	1.0570363931708097e-6
PEPNR00000001365	1.4139484372325422	1.5295836473001343e-6
PEPNR00000001379	2.8879786568711556	1.7253836149350272e-7
PEPNR00000001384	1.2298708366466544	6.213200872624817e-6
PEPNR00000001396	1.692156425793757	1.5724328426284805e-6
PEPNR00000001398	1.0073258919687411	5.4533614411434945e-6
PEPNR00000001406	4.265858127463416	1.1471240225740871e-7
PEPNR00000001411	2.1399929356086984	6.6566742849026e-7
PEPNR00000001442	1.8327229945564134	8.180456225499095e-7
PEPNR00000001447	3.743094205185197	1.1081744332634355e-7
PEPNR00000001468	0.9287662478243838	5.349948805476014e-6
PEPNR00000001478	2.9311235261851487	2.460354661423949e-7
PEPNR00000001483	1.5635560621242772	2.048324381605933e-6
PEPNR00000001487	5.37635634075504	2.700669564496501e-8
PEPNR00000001488	3.0520669611137796	2.686840690045151e-7
PEPNR00000001489	0.789090365151625	5.644174325902057e-6
PEPNR00000001492	1.1621663729746086	7.643835378661448e-6
PEPNR00000001505	3.849023172546701	1.8303679943271026e-7
PEPNR00000001509	2.95272303233359	2.290905067932193e-7
PEPNR00000001512	1.4261631534659858	2.2922058946847523e-6
PEPNR00000001521	4.593791025896617	5.377186477080499e-8
PEPNR00000001540	10.287362980539747	1.4921852824269556e-9
PEPNR00000001542	0.21184579492867392	0.000050346652064720025
PEPNR00000001548	4.4076985223815415	7.356447039016501e-8
PEPNR00000001551	2.1457849867490144	4.901271181467194e-7
PEPNR00000001557	3.6843751677612757	1.1488139658086077e-7
PEPNR00000001565	2.9270593662338382	4.2628356832279775e-7
PEPNR00000001572	0.7728905933279635	0.000010257821852411033
PEPNR00000001576	3.249607610380798	3.0723667060697474e-7
PEPNR00000001579	0.7577993097948917	8.00504570924817e-6
PEPNR00000001596	0.9105777185762899	6.355275725032428e-6
PEPNR00000001614	3.6532109773232664	1.0389149309545364e-7
PEPNR00000001618	2.1268483677465055	7.014032842370003e-7
PEPNR00000001621	2.4216053015164665	3.935815261180524e-7
PEPNR00000001628	1.858402801427723	2.1485440657811536e-6
PEPNR00000001632	2.940947681998429	3.466477256723226e-7
PEPNR00000001650	4.125149189083711	1.0646327080425662e-7
PEPNR00000001652	2.7161821948214766	3.02547415898906e-7
PEPNR00000001676	3.971187612646437	8.558454593544038e-8
PEPNR00000001689	1.2488566923991515	6.126674682220565e-6
PEPNR00000001701	3.3449400906723383	2.1827434772817112e-7
PEPNR00000001735	1.6188904171992864	3.791860013545132e-6
PEPNR00000001756	1.1289563425673999	3.398652151294619e-6
PEPNR00000001758	2.955142449947533	2.5894356498848096e-7
PEPNR00000001769	2.6471478673252022	4.141874061207975e-7
PEPNR00000001772	1.8705875814985145	2.0094917945051443e-6
PEPNR00000001783	3.8524944297027335	1.1420325818011645e-7
PEPNR00000001784	5.105584077265677	4.143684199327743e-8
PEPNR00000001787	1.455259052592557	2.0948462164690536e-6
PEPNR00000001794	4.188288416249661	8.346327775404874e-8
PEPNR00000001836	3.3309876244654038	3.132938985286454e-7
PEPNR00000001841	1.9541282206535056	9.440850697222552e-7
PEPNR00000001843	1.3733754631288184	3.1404349372220273e-6
PEPNR00000001856	2.0725315584946467	5.647250234299931e-7
PEPNR00000001858	1.7502731689269089	9.605143640731512e-7
PEPNR00000001871	3.302638507180923	1.8871460299439293e-7
PEPNR00000001875	3.8537435094768946	9.178135893944437e-8
PEPNR00000001887	4.793746965682694	5.15539432810609e-8
PEPNR00000001900	7.070009603042013	8.23965113225536e-9
PEPNR00000001943	3.4154508279560893	1.656179417465927e-7
PEPNR00000001964	1.2574429343642197	1.557424452015979e-6
PEPNR00000001987	3.1989189916563934	1.8437921608402848e-7
PEPNR00000001989	1.6261669474232954	1.6375384091746335e-6
PEPNR00000001998	0.17902536081473802	0.000057877544175250144
PEPNR00000002002	5.635949442857281	2.100075572477856e-8
PEPNR00000002021	2.6626894169868867	2.808745015263392e-7
PEPNR00000002036	1.1970489047438535	4.097897003113101e-6
PEPNR00000002047	3.6353186967820075	1.5527153475083946e-7
PEPNR00000002063	3.996207244210397	5.328882013012179e-8
PEPNR00000002106	1.5509505620608393	9.8085531834888e-7
PEPNR00000002117	0.9739250877964523	5.424327092470328e-6
PEPNR00000002122	9.097348932817704	4.27439109175598e-9
PEPNR00000002134	5.105584077265677	4.143684199327743e-8
PEPNR00000002136	5.030658111284424	1.4768305948791791e-8
PEPNR00000002151	3.064344462700943	3.1700004145679315e-7
PEPNR00000002177	2.806032558986335	2.4456813381911133e-7
PEPNR00000002206	8.88925916574833	3.4227311049278013e-9
PEPNR00000002208	0.9287662478243838	5.349948805476014e-6
PEPNR00000002229	5.987926234784126	1.8164567153796502e-8
PEPNR00000002264	0.6479114507595805	9.003957765962507e-6
PEPNR00000002270	3.9502672699796566	1.0756427677812706e-7
PEPNR00000002352	3.6093451337665945	8.293726776900749e-8
PEPNR00000002369	1.5251246922529316	1.636377209734123e-6
PEPNR00000002422	3.182361545758604	1.6031924142786469e-7
PEPNR00000002431	7.070009603042013	8.23965113225536e-9
PEPNR00000002445	2.4517136156258346	5.335982064571448e-7
PEPNR00000002450	2.9483557099573927	2.3724697667590865e-7
PEPNR00000002480	3.853668058709406	1.0983296072452193e-7
PEPNR00000002484	0.6786033182300161	0.000013631151286476013
PEPNR00000002528	2.6021420937892636	1.9299163191950908e-7
PEPNR00000002547	1.8152081931501256	9.79202416068017e-7
PEPNR00000002548	0.9114882255177135	7.293797443953806e-6
PEPNR00000002568	8.342773869861247	5.369801856492468e-9
PEPNR00000002575	2.6468008929972657	3.4177368135684697e-7
PEPNR00000002601	2.862843723126671	3.9848804573249887e-7
PEPNR00000002613	2.9242089845139096	3.586806521141972e-7
PEPNR00000002651	1.2181300289444228	2.5447912964096056e-6
PEPNR00000002653	1.818209410697755	5.140626094427798e-7
PEPNR00000002659	2.957274058141715	2.854472745585664e-7
PEPNR00000002687	3.0288685265795867	1.6035109390135722e-7
PEPNR00000002689	7.860409021249306	4.744268831966283e-9
PEPNR00000002758	1.2470227201991155	2.5970850833885237e-6
PEPNR00000002768	2.2774725029109866	7.740144798518841e-7
PEPNR00000002805	3.967872509878907	9.524693454922165e-8
PEPNR00000002829	3.0511651766081886	1.9559589067024145e-7
PEPNR00000002838	3.4949630942886993	1.1480846580592453e-7
PEPNR00000002856	4.0882610662023895	8.892228804139639e-8
PEPNR00000002893	2.661967262929899	2.8595070150318447e-7
PEPNR00000002894	7.515001980510101	5.338358253675013e-9
PEPNR00000002920	4.949891144220739	3.521153513624167e-8
PEPNR00000002922	3.530245468795963	1.1262500370072628e-7
PEPNR00000002923	2.333984036380064	5.287001532139844e-7
PEPNR00000002951	6.624275354782504	1.1972978895578126e-8
PEPNR00000002952	8.547371533542186	3.800325720957614e-9
PEPNR00000002963	2.8247866739897587	2.4435665318928643e-7
PEPNR00000002980	1.5028340214007894	3.2446790003178077e-6
PEPNR00000003023	3.7913527184356015	1.0740202546591912e-7
PEPNR00000003035	3.296528224490797	1.4782494733362736e-7
PEPNR00000003091	3.1787592078614866	9.190319587742713e-8
PEPNR00000003122	5.789195907504051	1.6672004126049087e-8
PEPNR00000003146	3.0288685265795867	1.6035109390135722e-7
PEPNR00000003237	1.6253446862563694	1.5665808556329279e-6
PEPNR00000003256	3.2083299032972916	1.4990857531734104e-7
PEPNR00000003279	3.7724761478470334	6.127484090114983e-8
PEPNR00000003309	2.9311106588904337	2.1202027959117812e-7
PEPNR00000003336	2.9348114000505654	1.9743280982370917e-7
PEPNR00000003340	6.2093839747538055	1.4051977421803958e-8
PEPNR00000003345	6.812308690738688	9.05601622443631e-9
PEPNR00000003466	2.3636182867417377	5.35239357426639e-7
PEPNR00000003474	1.8743247096661377	1.0006413301961807e-6
PEPNR00000003503	4.781631502038335	4.425656343989365e-8
PEPNR00000003560	4.914010753068657	2.891731608800924e-8
PEPNR00000003563	3.1350417385743907	1.8283252965033992e-7
PEPNR00000003686	2.912236508167622	1.9625057240074782e-7
PEPNR00000003688	2.596005473988376	3.830316555622683e-7
PEPNR00000003722	1.0283646995565299	8.778541005871322e-6
PEPNR00000003760	2.5620500979940135	5.177378254422761e-7
PEPNR00000003792	2.2125007321922023	3.6967403267256186e-7
PEPNR00000004116	2.3798737700742056	6.039997941415386e-7
PEPNR00000004215	4.081064602500354	4.395669249359827e-8
PEPNR00000004216	3.628072925672162	1.1965723157648648e-7
PEPNR00000004218	4.841940895535292	4.070412897994809e-8
PEPNR00000004259	2.6288614542764943	2.8514559977721123e-7
PEPNR00000004268	1.180316495677065	3.0530573302147415e-6
PEPNR00000004302	2.6726201445703692	1.2186864898878546e-7
PEPNR00000004303	2.756906125626973	1.6965932390445485e-7
PEPNR00000004348	4.349016697204499	3.804533273399071e-8
PEPNR00000004457	2.1378128529981995	4.3673593819080006e-7
PEPNR00000004583	1.4680853360693173	2.75579507668102e-6
PEPNR00000004637	1.7630956359719832	8.902471124930134e-7
PEPNR00000004660	0.8114186073320904	5.77512684371178e-6
PEPNR00000004931	3.1079718896179065	1.4847777482167126e-7
PEPNR00000005043	4.089531032517957	4.964659837208669e-8
PEPNR00000005056	3.2883936108034573	1.8955046364381067e-7
PEPNR00000005127	7.860409021249306	4.744268831966283e-9
PEPNR00000005247	3.2573263857523487	1.2060179821195921e-7
PEPNR00000005249	7.515001980510101	5.338358253675013e-9
PEPNR00000005337	8.449056106483203	6.440816652912077e-9
PEPNR00000005367	2.8035719814728295	2.754657760591053e-7
PEPNR00000005409	4.203539515630081	6.665250252838302e-8
PEPNR00000005548	4.233585845151346	5.6650723405381005e-8
PEPNR00000005602	2.6388143765111196	2.1786573380317208e-7
PEPNR00000005607	0.6661007840605626	5.6319986496805386e-6
PEPNR00000005619	1.6656160323866092	1.4135747681239784e-6
PEPNR00000005828	4.174915045558066	6.009874272531962e-8
PEPNR00000006125	3.3124708120915987	1.243690720731995e-7
PEPNR00000006227	6.292556314820808	1.105920158708275e-8
PEPNR00000006634	3.923982313898256	6.803376185628643e-8
PEPNR00000006745	0.9277579834401026	2.142964159798766e-6
PEPNR00000006969	0.8321966147561921	5.371451526140286e-6
PEPNR00000006985	0.847093458781935	2.563944245213892e-6
PEPNR00000007758	0.3469181072957333	0.000014797718419755012
PEPNR00000007812	6.292556314820808	1.105920158708275e-8
PEPNR00000008293	8.342773869861247	5.369801856492468e-9
PEPNR00000009295	2.084713568176243	6.164109615897402e-7
PEPNR00000009308	3.372746638084052	1.2438179149254592e-7
PEPNR00000009947	1.2448440628385187	2.662689406650474e-6
PEPNR00000011070	0.2444344836678682	0.00003486810664113579
PEPNR00000011375	2.778140758076788	1.3481123771834793e-7
PEPNR00000014476	0.9114631204925738	2.3922871412082064e-6
PEPNR00000014875	2.839016977595254	1.8257000087104337e-7
PEPNR00000015037	6.468188900684137	7.871454253053789e-9
PEPNR00000015653	0.8274248487763437	0.000014931720989508528
PEPNR00000016460	3.6339722728055044	1.0263904215158759e-7
PEPNR00000017103	8.105401554070209	2.8630719838604844e-9
PEPNR00000018493	2.4006032091872305	1.727094089154762e-7
PEPNR00000021984	1.7328768354572326	7.526961690243194e-7
PEPNR00000022356	5.757627358257549	1.0571304035381643e-8
PEPNR00000023830	0.39836967792045874	0.00001532876274417465
PEPNR00000045031	1.9543585008420745	3.552697160900179e-7
PEPNR00000059723	7.0021471708251735	4.238077099398834e-9
PEPNR00000078909	2.909636197530941	7.509245137649473e-8